{"content":[{"id":"7bb997fc","settings":{"layout":"full_width","structure":"20"},"elements":[{"id":"514925d7","settings":{"_column_size":50,"_inline_size":19.645,"background_background":"classic","background_color":"#2E4721"},"elements":[{"id":"4005a503","settings":[],"elements":[],"isInner":false,"widgetType":"spacer","elType":"widget"}],"isInner":false,"elType":"column"},{"id":"24084ef7","settings":{"_column_size":50,"_inline_size":80.355,"background_background":"classic","background_color":"#AB4209","background_image":{"url":"https:\/\/materiotecaufma.com.br\/wp-content\/uploads\/2019\/12\/Faixas-20.png","id":749},"background_size":"cover"},"elements":[{"id":"1f520533","settings":{"space":{"unit":"px","size":107,"sizes":[]}},"elements":[],"isInner":false,"widgetType":"spacer","elType":"widget"}],"isInner":false,"elType":"column"}],"isInner":false,"elType":"section"},{"id":"2cc62832","settings":{"layout":"full_width","structure":"30","margin":{"unit":"px","top":"-2","right":0,"bottom":"0","left":0,"isLinked":false}},"elements":[{"id":"7e89577","settings":{"_column_size":33,"_inline_size":19.645,"background_background":"classic","background_color":"#2E4721","color_link":"#FFFFFF","color_link_hover":"#EDD500"},"elements":[{"id":"70e66968","settings":{"image":{"url":"http:\/\/localhost\/wordpress\/wp-content\/uploads\/2019\/11\/Ativo-5.png","id":510}},"elements":[],"isInner":false,"widgetType":"image","elType":"widget"},{"id":"6ee590d6","settings":{"editor":"<p><a href=\"https:\/\/materiotecaufma.com.br\/inicio\">In\u00edcio<\/a><\/p><p><a href=\"https:\/\/materiotecaufma.com.br\/materiais\/\">Materiais<\/a><\/p><p><a href=\"https:\/\/materiotecaufma.com.br\/processos\/\">Processos<\/a><\/p><p><a href=\"https:\/\/materiotecaufma.com.br\/sobre\/\">Sobre<\/a><\/p><p><a href=\"https:\/\/materiotecaufma.com.br\/contato\/\">Contatos<\/a><\/p>","text_color":"#ffffff","typography_typography":"custom","typography_font_size":{"unit":"px","size":21,"sizes":[]},"align":"left","typography_font_family":"Sarabun-regular","_margin":{"unit":"px","top":"0","right":"0","bottom":"0","left":"60","isLinked":false},"typography_line_height":{"unit":"em","size":1.1,"sizes":[]},"text_columns":"1","column_gap":{"unit":"px","size":0,"sizes":[]}},"elements":[],"isInner":false,"widgetType":"text-editor","elType":"widget"}],"isInner":false,"elType":"column"},{"id":"5e1b4579","settings":{"_column_size":33,"_inline_size":59.575},"elements":[{"id":"774923f4","settings":{"eael_adv_tabs_icon_show":"","eael_adv_tabs_tab":[{"eael_adv_tabs_tab_title":"Local","_id":"c674f41","eael_adv_tabs_tab_title_icon_new":{"value":"","library":""},"eael_adv_tabs_tab_title_image":{"url":"https:\/\/materiotecaufma.com.br\/wp-content\/plugins\/elementor\/assets\/images\/placeholder.png"},"eael_adv_tabs_tab_content":"<p><img class=\"size-medium wp-image-1139 alignright\" src=\"https:\/\/materiotecaufma.com.br\/wp-content\/uploads\/2020\/05\/Porto-dos-Nascimentos-Alc\u00e2ntara-240x300.jpg\" alt=\"\" width=\"240\" height=\"300\" \/><\/p><ul><li>Mirinzal<\/li><\/ul><p>Mirinzal \u00e9 um munic\u00edpio localizado a 170 km do terminal do Cujupe, em Alc\u00e2ntara. Em suas terras, encontra-se o povoado de Porto dos Nascimentos, tamb\u00e9m conhecido como Porto das Anas, local onde habitam cinco \u201cAnas\u201d que preservam o saber-fazer ancestral do fazer da lou\u00e7a. A produ\u00e7\u00e3o em Porto ocorre sempre a partir de setembro, quando os campos alagados secam e ficam acess\u00edveis para que se possa buscar o barro. A argila da regi\u00e3o destaca-se pela colora\u00e7\u00e3o mais clara, uma esp\u00e9cie de \u201cargila branca\u201d, como Ana Domingas, uma das artes\u00e3s, denomina.<\/p><p>[gallery link=\"file\" columns=\"2\" size=\"large\" ids=\"1397,1399\"]<\/p>"},{"eael_adv_tabs_tab_title":"Artes\u00e3(o)s","_id":"40e3603","eael_adv_tabs_tab_title_icon_new":{"value":"","library":""},"eael_adv_tabs_tab_title_image":{"url":"https:\/\/materiotecaufma.com.br\/wp-content\/plugins\/elementor\/assets\/images\/placeholder.png"},"eael_adv_tabs_tab_content":"<p>Anas das Lou\u00e7as \u00e9 um grupo de artes\u00e3s composto por cinco integrantes da mesma fam\u00edlia: as irm\u00e3s Ana Am\u00e9lia, Ana das Gra\u00e7as, Ana Alice, Ana Raimunda e Ana Domingas, filha de Ana Am\u00e9lia, a mais idosa, com oitenta e cinco anos. A m\u00e3e conta que aprendeu o of\u00edcio com sua m\u00e3e e aos 13 anos j\u00e1 era uma louceira conhecida na regi\u00e3o. Ensinou o fazer das lou\u00e7as \u00e0s suas irm\u00e3s e filha, as quais, al\u00e9m dos nomes semelhantes que carregam, dividem entre si a heran\u00e7a de uma pr\u00e1tica na qual encontram seu sustento e sua territorialidade.\u00a0<\/p><ul><li>Ana Domingas: (98) 98835-0206<\/li><\/ul><p>[gallery columns=\"1\" size=\"large\" link=\"file\" ids=\"1411\"]<\/p>"},{"eael_adv_tabs_tab_title":"Materiais e Processos","_id":"ef44dcd","eael_adv_tabs_tab_title_icon_new":{"value":"","library":""},"eael_adv_tabs_tab_title_image":{"url":"https:\/\/materiotecaufma.com.br\/wp-content\/plugins\/elementor\/assets\/images\/placeholder.png"},"eael_adv_tabs_tab_content":"<ul><li><strong>Argila<\/strong><\/li><\/ul><p>Coletada em campo alagado do riu Uru da regi\u00e3o do povoado de Porto do Nascimento, apresentando uma quantidade consideravelmente alta de mat\u00e9ria org\u00e2nica em sua constitui\u00e7\u00e3o, al\u00e9m de pequenas pedras, proveniente da decomposi\u00e7\u00e3o natural da argila e do ambiente que ela se encontra.<\/p><ul><li><b>Taquip\u00e9\u00a0<\/b><\/li><\/ul><p>As Anas das Lou\u00e7as utilizam um recurso natural para dar mais resist\u00eancia \u00e0s altas temperaturas da queima e durabilidade \u00e0s altas temperaturas da queima e durabilidade \u00e0s lou\u00e7as de barro. P\u00f3 bem fino, de cor escura, produzido a partir da queima da casca de taquip\u00e9, \u00e1rvore comum na regi\u00e3o. A utiliza\u00e7\u00e3o desse insumo \u00e9 a principal diferen\u00e7a entre a cadeia produtiva das Anas e de Itamatatiua.<\/p><p>A propor\u00e7\u00e3o do quanto de taquip\u00e9 ser\u00e1 adicionado ao barro \u00e9 emp\u00edrica, pelo costume, afirmam as artes\u00e3s. O uso do taquip\u00e9 propicia uma textura muito mais \u00e1spera ao barro, e com isso, o uso de artefatos de modelagem s\u00e3o necess\u00e1rios. Caso contr\u00e1rio, a sua a\u00e7\u00e3o abrasiva afetaria a m\u00e3o das artes\u00e3s, que nos mostram suas m\u00e3os muito lisas, em fun\u00e7\u00e3o do trabalho com o taquip\u00e9 na massa.<\/p><ul><li><b>Jutaicica<\/b><\/li><\/ul><p>\u00c9 uma resina, proveniente das \u201cferidas\u201d do Jatob\u00e1, utilizada na impermeabiliza\u00e7\u00e3o das pe\u00e7as cer\u00e2micas. A aplica\u00e7\u00e3o da resina \u00e9 realizada logo ap\u00f3s a queima, quando a resina cristalizada, presa ao \u201cchupeto\u201d, \u00e9 espalhada no interior de pe\u00e7as abertas que n\u00e3o ser\u00e3o usadas na prepara\u00e7\u00e3o de alimentos. Caso a pe\u00e7a tenha uso em forno ou fog\u00e3o n\u00e3o dever\u00e1 receber a impermeabiliza\u00e7\u00e3o visto que a resina derrete no contato com o calor e seria ingerida junto aos alimentos.<\/p><ul><li><strong>Ferramentas de aux\u00edlio a modelagem<\/strong><\/li><\/ul><p>Cuipeua (caco de cuia) e a semente do anaj\u00e1.<\/p><p>[gallery columns=\"4\" link=\"file\" size=\"medium\" ids=\"1409,1408,1407,1406,1405,1404,1403,1402\"]<\/p>"},{"eael_adv_tabs_tab_title_icon_new":{"value":"","library":""},"eael_adv_tabs_tab_title_image":{"url":"https:\/\/materiotecaufma.com.br\/wp-content\/plugins\/elementor\/assets\/images\/placeholder.png"},"eael_adv_tabs_tab_title":"Produtos","eael_adv_tabs_tab_content":"<p>Lou\u00e7as, como alguidares, panelas, travessas, cuias, frigideiras, etc.<\/p><p>[gallery columns=\"5\" link=\"file\" size=\"medium\" ids=\"1413,1414,1415,1416,1417\"]<\/p>","_id":"f3fc937"},{"eael_adv_tabs_tab_title_icon_new":{"value":"","library":""},"eael_adv_tabs_tab_title_image":{"url":"https:\/\/materiotecaufma.com.br\/wp-content\/plugins\/elementor\/assets\/images\/placeholder.png"},"eael_adv_tabs_tab_title":"Fontes","eael_adv_tabs_tab_content":"<p><a href=\"https:\/\/www.researchgate.net\/publication\/327867736_CIRANDAS_DE_SABERES_percursos_cartograficos_e_praticas_artesanais_em_Alcantara_e_na_Baixada_Maranhense\">Ciranda de Saberes: percursos cartogr\u00e1ficos e pr\u00e1ticas artesanais em Alc\u00e2ntara e na Baixada Maranhense.<\/a><\/p><h6>Raquel Noronha; Andr\u00e9a Katiane Costa; Gisele Saraiva; M\u00e1rcio Guimar\u00e3es; Raiama Portela<\/h6><p><a href=\"http:\/\/www.cnfcp.gov.br\/pdf\/CatalogoSAP\/CNFCP_sap153.pdf\">IPHAN, Centro Nacional de Folclore e Cultura Popular. PORTO DAS ANAS E DAS LOU\u00c7AS. <b>Cat\u00e1logo da Exposi\u00e7\u00e3o Porto das Anas e das Lou\u00e7as<\/b>, Rio de Janeiro, p. 01-32, 1 out. 2009.<\/a><\/p><p><a href=\"https:\/\/www.researchgate.net\/publication\/339395204_Olhar_tocar_e_trocar_ferramenta_em_correspondencia\">Cartografando interc\u00e2mbios de saberes com grupos artesanais da Baixada Maranhense e Alc\u00e2ntara<\/a><\/p><h6>Raquel Noronha; Alice Campos; Larissa C\u00e2mara<\/h6><p><a href=\"https:\/\/www.researchgate.net\/publication\/344434786_A_TRADICAO_DO_PUNHADO_avaliacao_da_incorporacao_da_cinza_de_taquipe_Triplaris_sp_em_argila_vermelha_na_producao_artesanal\">A TRADI\u00c7\u00c3O DO PUNHADO: avalia\u00e7\u00e3o da incorpora\u00e7\u00e3o da cinza de taquip\u00e9 (Triplaris sp.) em argila vermelha na produ\u00e7\u00e3o artesanal<\/a><\/p><h6>Samuel Miranda<\/h6><p>\u00a0<\/p>","_id":"7489782"}],"eael_adv_tabs_tab_title_typography_typography":"custom","eael_adv_tabs_tab_title_typography_font_family":"Sarabum-Medium","eael_adv_tabs_tab_title_typography_font_size":{"unit":"px","size":16,"sizes":[]},"eael_adv_tabs_tab_title_typography_font_weight":"700","eael_adv_tabs_tab_color":"#FFFFFF","eael_adv_tabs_tab_text_color":"#54595F","eael_adv_tabs_tab_border_width":{"unit":"px","top":"1","right":"1","bottom":"1","left":"1","isLinked":true},"eael_adv_tabs_tab_color_hover":"rgba(248, 248, 248, 0)","eael_adv_tabs_tab_text_color_hover":"#AB4209","eael_adv_tabs_tab_color_active":"rgba(248, 248, 248, 0)","eael_adv_tabs_tab_text_color_active":"#AB4209","eael_adv_tabs_tab_border_active_border":"solid","eael_adv_tabs_tab_border_active_width":{"unit":"px","top":"1","right":"1","bottom":"1","left":"1","isLinked":true},"eael_adv_tabs_tab_border_active_color":"#C7C7C7","adv_tabs_content_text_color":"#333333","eael_adv_tabs_content_typography_typography":"custom","eael_adv_tabs_content_typography_font_family":"Sarabum-Medium","eael_adv_tabs_content_typography_font_size":{"unit":"px","size":16,"sizes":[]},"eael_adv_tabs_content_typography_font_weight":"500","eael_adv_tabs_content_border_border":"solid","eael_adv_tabs_content_border_width":{"unit":"px","top":"1","right":"1","bottom":"1","left":"1","isLinked":true},"eael_adv_tabs_content_border_color":"#C7C7C7","eael_adv_tabs_tab_caret_show":"","eael_adv_tabs_tab_caret_size":{"unit":"px","size":9,"sizes":[]}},"elements":[],"isInner":false,"widgetType":"eael-adv-tabs","elType":"widget"}],"isInner":false,"elType":"column"},{"id":"72c288ea","settings":{"_column_size":33,"_inline_size":20},"elements":[],"isInner":false,"elType":"column"}],"isInner":false,"elType":"section"},{"id":"35881bbc","settings":{"layout":"full_width","structure":"20","margin":{"unit":"px","top":"-2","right":0,"bottom":"0","left":0,"isLinked":false}},"elements":[{"id":"19e82267","settings":{"_column_size":50,"_inline_size":19.551,"background_background":"classic","background_color":"#2E4721"},"elements":[{"id":"45871f76","settings":[],"elements":[],"isInner":false,"widgetType":"spacer","elType":"widget"}],"isInner":false,"elType":"column"},{"id":"39ca2998","settings":{"_column_size":50,"_inline_size":80.449,"background_background":"classic","background_image":{"url":"https:\/\/materiotecaufma.com.br\/wp-content\/uploads\/2019\/11\/Ativo-9-1.png","id":520},"background_position":"center center","background_size":"cover","margin":{"unit":"px","top":"0","right":"0","bottom":"0","left":"0","isLinked":true}},"elements":[{"id":"7798413","settings":{"space":{"unit":"px","size":79,"sizes":[]},"_margin":{"unit":"px","top":"-4","right":"-4","bottom":"-4","left":"-4","isLinked":true}},"elements":[],"isInner":false,"widgetType":"spacer","elType":"widget"}],"isInner":false,"elType":"column"}],"isInner":false,"elType":"section"}],"page_settings":{"eael_ext_toc_title":"Table of Contents"},"version":"0.4","title":"Pagina_ceramica_PNascimento","type":"page"}