{"content":[{"id":"5f64c63b","settings":{"layout":"full_width","structure":"20"},"elements":[{"id":"76cbd8ee","settings":{"_column_size":50,"_inline_size":19.645,"background_background":"classic","background_color":"#2E4721"},"elements":[{"id":"4e8e7351","settings":[],"elements":[],"isInner":false,"widgetType":"spacer","elType":"widget"}],"isInner":false,"elType":"column"},{"id":"526e3f","settings":{"_column_size":50,"_inline_size":80.355,"background_background":"classic","background_color":"#AB4209","background_image":{"url":"https:\/\/materiotecaufma.com.br\/wp-content\/uploads\/2020\/06\/Ativo-4.png","id":1767},"background_size":"cover"},"elements":[{"id":"7478da1f","settings":{"space":{"unit":"px","size":107,"sizes":[]},"_margin":{"unit":"px","top":"0","right":"0","bottom":"0","left":"0","isLinked":true}},"elements":[],"isInner":false,"widgetType":"spacer","elType":"widget"}],"isInner":false,"elType":"column"}],"isInner":false,"elType":"section"},{"id":"2d054bbc","settings":{"layout":"full_width","structure":"30","margin":{"unit":"px","top":"-2","right":0,"bottom":"0","left":0,"isLinked":false}},"elements":[{"id":"43ec9f13","settings":{"_column_size":33,"_inline_size":19.551,"background_background":"classic","background_color":"#2E4721","color_link":"#FFFFFF","color_link_hover":"#EDD500"},"elements":[{"id":"3cb3c9cc","settings":{"image":{"url":"http:\/\/localhost\/wordpress\/wp-content\/uploads\/2019\/11\/Ativo-5.png","id":510}},"elements":[],"isInner":false,"widgetType":"image","elType":"widget"},{"id":"16f11288","settings":{"editor":"<p><a href=\"https:\/\/materiotecaufma.com.br\/inicio\">In\u00edcio<\/a><\/p><p><a href=\"https:\/\/materiotecaufma.com.br\/materiais\/\">Materiais<\/a><\/p><p><a href=\"https:\/\/materiotecaufma.com.br\/processos\/\">Processos<\/a><\/p><p><a href=\"https:\/\/materiotecaufma.com.br\/sobre\/\">Sobre<\/a><\/p><p><a href=\"https:\/\/materiotecaufma.com.br\/contato\/\">Contatos<\/a><\/p>","text_color":"#ffffff","typography_typography":"custom","typography_font_size":{"unit":"px","size":21,"sizes":[]},"align":"left","typography_font_family":"Sarabun-regular","_margin":{"unit":"px","top":"0","right":"0","bottom":"0","left":"60","isLinked":false},"typography_line_height":{"unit":"em","size":1.1,"sizes":[]},"text_columns":"1","column_gap":{"unit":"px","size":0,"sizes":[]}},"elements":[],"isInner":false,"widgetType":"text-editor","elType":"widget"}],"isInner":false,"elType":"column"},{"id":"61944cff","settings":{"_column_size":33,"_inline_size":60.016},"elements":[{"id":"6138904f","settings":{"eael_adv_tabs_icon_show":"","eael_adv_tabs_tab":[{"eael_adv_tabs_tab_title":"Local","_id":"c674f41","eael_adv_tabs_tab_title_icon_new":{"value":"","library":""},"eael_adv_tabs_tab_title_image":{"url":"https:\/\/materiotecaufma.com.br\/wp-content\/plugins\/elementor\/assets\/images\/placeholder.png"},"eael_adv_tabs_tab_content":"<p><img class=\"size-medium wp-image-1174 alignright\" src=\"https:\/\/materiotecaufma.com.br\/wp-content\/uploads\/2020\/06\/S\u00e3o-Jo\u00e3o-dos-Pil\u00f5es-Brejo-240x300.jpg\" alt=\"\" width=\"240\" height=\"300\" \/><\/p><ul><li>S\u00e3o Jo\u00e3o dos Pil\u00f5es \u2013 Brejo \u2013 Maranh\u00e3o;<\/li><\/ul><p>\u00c0s margens da Rodovia 230 encontra-se as barracas de artesanato dos produtores do povoado\u00a0S\u00e3o Jo\u00e3o dos pil\u00f5es. Geralmente s\u00e3o localizadas em frente, ou nas proximidades das casas dos\u00a0artes\u00e3os. A sede da associa\u00e7\u00e3o ainda est\u00e1 em processo de ativa\u00e7\u00e3o, devido a necessidade de\u00a0maquin\u00e1rio e reforma, mas pretende-se estabelecer como ponto de produ\u00e7\u00e3o coletiva para os\u00a0artes\u00e3os. Por enquanto, a produ\u00e7\u00e3o ainda ocorre de maneira singular, em quintais adaptados\u00a0com equipamentos de torneamento e tamb\u00e9m nas barracas, onde geralmente ocorre o\u00a0processos de finaliza\u00e7\u00e3o.<\/p><p><strong>Associa\u00e7\u00e3o dos Artes\u00e3os de S\u00e3o Jo\u00e3o dos Pil\u00f5es<\/strong><\/p><p>Atuam com a produ\u00e7\u00e3o de objetos de madeira, por tradi\u00e7\u00e3o familiar, como pil\u00f5es, fruteiras, potes, entre outros. A da maioria dos membros da associa\u00e7\u00e3o s\u00e3o do sexo masculino, caracter\u00edstica que difere este de outros grupos que exercem a atividade artesanal, geralmente atrelada ao sexo feminino. Isso ocorre devido as peculiaridades do trabalho com a madeira a partir de sua forma bruta, sendo considerado por muitos como uma atividade \u201cpesada\u201d. Das mulheres envolvidas no processo , grande parte atua principalmente nas fases de acabamento, como pintura e aplica\u00e7\u00e3o de verniz.<\/p><p>[gallery link=\"file\" size=\"medium\" ids=\"1769,1770,1771\"]<\/p>"},{"eael_adv_tabs_tab_title":"Artes\u00e3(o)s","_id":"40e3603","eael_adv_tabs_tab_title_icon_new":{"value":"","library":""},"eael_adv_tabs_tab_title_image":{"url":"https:\/\/materiotecaufma.com.br\/wp-content\/plugins\/elementor\/assets\/images\/placeholder.png"},"eael_adv_tabs_tab_content":"<ul><li>Jos\u00e9 Orlando<\/li><li>Francisco das Gra\u00e7as<\/li><li>Jean Carlos<\/li><li>Ant\u00f4nio Lucenildo<\/li><li>J\u00falio Cardoso<\/li><li>Francisco Correia<\/li><li>Alex Viana<\/li><li>Ant\u00f4nio Jos\u00e9<\/li><li>Rodrigo Rodrigues<\/li><li>Ant\u00f4nio Carvalho<\/li><li>Jos\u00e9 Maria<\/li><li>Francisco Iranildo<\/li><li>Ant\u00f4nio de Sousa<\/li><li>Lu\u00eds Nascimento<\/li><li>M\u00e1ximo Ferreira<\/li><\/ul><p><strong>Contato<\/strong><br \/>Celular: (98) 98329-7975 \u2013 Jos\u00e9 Orlando (presidente da associa\u00e7\u00e3o)<br \/>Whatsapp: (98) 98238-9033 \u2013 Lu\u00eds Kayo<br \/>Instagram: @artesanatodosaojoao<br \/>Email: artesanatodosaojoao@gmail.com<\/p><p>[gallery columns=\"1\" link=\"file\" size=\"large\" ids=\"1772\"]<\/p>"},{"eael_adv_tabs_tab_title":"Materiais e Processos","_id":"ef44dcd","eael_adv_tabs_tab_title_icon_new":{"value":"","library":""},"eael_adv_tabs_tab_title_image":{"url":"https:\/\/materiotecaufma.com.br\/wp-content\/plugins\/elementor\/assets\/images\/placeholder.png"},"eael_adv_tabs_tab_content":"<p><img class=\"alignnone size-large wp-image-1801\" src=\"https:\/\/materiotecaufma.com.br\/wp-content\/uploads\/2020\/06\/Cadeia-Produtiva-ARTESANATO-1-1024x724.jpg\" alt=\"\" width=\"1024\" height=\"724\" \/><\/p><p>A mat\u00e9ria prima do artesanato de S\u00e3o Jo\u00e3o dos Pil\u00f5es s\u00e3o madeiras da regi\u00e3o, oriundas do cerrado. A principal \u00e9 a madeira do Pequi, mas tamb\u00e9m utilizam barbatim\u00e3o, sucupira, fava-danta, marfim.<\/p><table style=\"height: 937px;\" width=\"581\"><tbody><tr><td width=\"160\"><h2>\u00a0<\/h2><h2 style=\"text-align: center;\"><strong>Insumos<\/strong><\/h2><\/td><td width=\"359\"><p>Os insumos para a realiza\u00e7\u00e3o do trabalho artesanal de S\u00e3o Jo\u00e3o dos Pil\u00f5es podem ser classificados em Diretos e Indiretos, sendo eles:<\/p><p><strong>Direto:<\/strong> Explora\u00e7\u00e3o da mat\u00e9ria-prima, transporte e armazenamento.<\/p><p><strong>Indireto:<\/strong> Artes\u00e3os\/ Cooperativas, energia, maquin\u00e1rio, \u00e1gua ve\u00edculos e ferramentas.<\/p><\/td><\/tr><tr><td width=\"160\"><h2>\u00a0<\/h2><h2>\u00a0<\/h2><h2 style=\"text-align: center;\"><strong>Mat\u00e9ria - Prima<\/strong><\/h2><\/td><td width=\"359\"><p>Transporte -&gt; Beneficiamento -&gt; Transporte -&gt; Armazenamento<\/p><p>H\u00e1 uma articula\u00e7\u00e3o para comercializa\u00e7\u00e3o da madeira, portanto, na atualmente a maioria dos artes\u00e3os j\u00e1 conseguem comprar a madeira pronta para o armazenar e trabalhar o em suas oficinas. Nesse caso:<\/p><p>Compra da madeira -&gt; Armazenamento.<\/p><\/td><\/tr><tr><td width=\"160\"><h2>\u00a0<\/h2><h2 style=\"text-align: center;\"><strong>Beneficiamento <\/strong><\/h2><\/td><td width=\"359\"><p>TINGIMENTO*<\/p><p>Algumas t\u00e9cnicas artesanais exigem o tingimento isolado de componentes intercalado \u00e0s fases de produ\u00e7\u00e3o.<\/p><\/td><\/tr><tr><td width=\"160\"><h2>\u00a0<\/h2><h2>\u00a0<\/h2><h2>\u00a0<\/h2><h2 style=\"text-align: center;\"><strong>Produ\u00e7\u00e3o<\/strong><\/h2><\/td><td width=\"359\"><p>Montagem moldagem\/ conforma\u00e7\u00e3o, pintura, acabamento e estoque.<\/p><p>1 \u2013 Utilizando tornos, a madeira, j\u00e1 cortada, \u00e9 moldada de acordo com a pe\u00e7a que ser\u00e1 produzida.<\/p><p>2 \u2013 Ocorre o processo de pintura, para impermeabiliza\u00e7\u00e3o das pe\u00e7as.<\/p><p>3 \u2013 Acabamentos como lixamentos, impermeabilizantes e verniz.<\/p><p>4 \u2013 Estoque e exposi\u00e7\u00e3o dos produtos.<\/p><\/td><\/tr><\/tbody><\/table><p>[gallery columns=\"1\" link=\"file\" size=\"large\" ids=\"1773\"]<\/p>"},{"eael_adv_tabs_tab_title_icon_new":{"value":"","library":""},"eael_adv_tabs_tab_title_image":{"url":"https:\/\/materiotecaufma.com.br\/wp-content\/plugins\/elementor\/assets\/images\/placeholder.png"},"eael_adv_tabs_tab_title":"Produtos","eael_adv_tabs_tab_content":"<p>Os produtos mais comuns s\u00e3o pil\u00f5es, gamelas, pratos, t\u00e1buas, colheres de pau entre outros utens\u00edlios, em geral. Tamb\u00e9m fazem objetos decorativos, como placas e totens.<\/p><p>[gallery columns=\"5\" link=\"file\" size=\"medium\" ids=\"1776,1777,1778,1784,1785,1794,1795,1791,1793,1786,1780,1781,1788,1789,1797\"]<\/p>","_id":"f3fc937"},{"eael_adv_tabs_tab_title_icon_new":{"value":"","library":""},"eael_adv_tabs_tab_title_image":{"url":"https:\/\/materiotecaufma.com.br\/wp-content\/plugins\/elementor\/assets\/images\/placeholder.png"},"eael_adv_tabs_tab_title":"Fontes","eael_adv_tabs_tab_content":"<h2>Disserta\u00e7\u00e3o<\/h2>\n<a href=\"http:\/\/www.ppgeo.uema.br\/wp-content\/uploads\/2018\/04\/Disserta%C3%A7%C3%A3o-Juscinaldo-Goes-Almeida_prot.pdf\">A luta na\/pela terra frente \u00e0 expans\u00e3o da soja no munic\u00edpio de Brejo-MA<\/a><h6>Juscinaldo G\u00f3es Almeida<\/h6>","_id":"7489782"}],"eael_adv_tabs_tab_title_typography_typography":"custom","eael_adv_tabs_tab_title_typography_font_family":"Sarabum-Medium","eael_adv_tabs_tab_title_typography_font_size":{"unit":"px","size":16,"sizes":[]},"eael_adv_tabs_tab_title_typography_font_weight":"700","eael_adv_tabs_tab_color":"#FFFFFF","eael_adv_tabs_tab_text_color":"#54595F","eael_adv_tabs_tab_border_width":{"unit":"px","top":"1","right":"1","bottom":"1","left":"1","isLinked":true},"eael_adv_tabs_tab_color_hover":"rgba(248, 248, 248, 0)","eael_adv_tabs_tab_text_color_hover":"#AB4209","eael_adv_tabs_tab_color_active":"rgba(248, 248, 248, 0)","eael_adv_tabs_tab_text_color_active":"#AB4209","eael_adv_tabs_tab_border_active_border":"solid","eael_adv_tabs_tab_border_active_width":{"unit":"px","top":"1","right":"1","bottom":"1","left":"1","isLinked":true},"eael_adv_tabs_tab_border_active_color":"#C7C7C7","adv_tabs_content_text_color":"#333333","eael_adv_tabs_content_typography_typography":"custom","eael_adv_tabs_content_typography_font_family":"Sarabum-Medium","eael_adv_tabs_content_typography_font_size":{"unit":"px","size":16,"sizes":[]},"eael_adv_tabs_content_typography_font_weight":"500","eael_adv_tabs_content_border_border":"solid","eael_adv_tabs_content_border_width":{"unit":"px","top":"1","right":"1","bottom":"1","left":"1","isLinked":true},"eael_adv_tabs_content_border_color":"#C7C7C7","eael_adv_tabs_tab_caret_show":"","eael_adv_tabs_tab_caret_size":{"unit":"px","size":9,"sizes":[]}},"elements":[],"isInner":false,"widgetType":"eael-adv-tabs","elType":"widget"},{"id":"6300289f","settings":{"space":{"unit":"px","size":15,"sizes":[]}},"elements":[],"isInner":false,"widgetType":"spacer","elType":"widget"}],"isInner":false,"elType":"column"},{"id":"555c2544","settings":{"_column_size":33,"_inline_size":19.683},"elements":[],"isInner":false,"elType":"column"}],"isInner":false,"elType":"section"},{"id":"42400f3c","settings":{"layout":"full_width","structure":"20","margin":{"unit":"px","top":"-2","right":0,"bottom":"0","left":0,"isLinked":false}},"elements":[{"id":"3c680528","settings":{"_column_size":50,"_inline_size":19.551,"background_background":"classic","background_color":"#2E4721"},"elements":[{"id":"7f8a420c","settings":[],"elements":[],"isInner":false,"widgetType":"spacer","elType":"widget"}],"isInner":false,"elType":"column"},{"id":"79452743","settings":{"_column_size":50,"_inline_size":80.449,"background_background":"classic","background_image":{"url":"https:\/\/materiotecaufma.com.br\/wp-content\/uploads\/2019\/11\/Ativo-9-1.png","id":520},"background_position":"center center","background_size":"cover","margin":{"unit":"px","top":"0","right":"0","bottom":"0","left":"0","isLinked":true}},"elements":[{"id":"7f48bf1d","settings":{"space":{"unit":"px","size":79,"sizes":[]},"_margin":{"unit":"px","top":"-4","right":"-4","bottom":"-4","left":"-4","isLinked":true}},"elements":[],"isInner":false,"widgetType":"spacer","elType":"widget"}],"isInner":false,"elType":"column"}],"isInner":false,"elType":"section"}],"page_settings":{"eael_ext_toc_title":"Table of Contents"},"version":"0.4","title":"Paginas_Piloes_Brejo","type":"page"}