{"content":[{"id":"413a2964","settings":{"layout":"full_width","structure":"20"},"elements":[{"id":"5270459a","settings":{"_column_size":50,"_inline_size":19.645,"background_background":"classic","background_color":"#2E4721"},"elements":[{"id":"5bb0ca60","settings":[],"elements":[],"isInner":false,"widgetType":"spacer","elType":"widget"}],"isInner":false,"elType":"column"},{"id":"37457fbc","settings":{"_column_size":50,"_inline_size":80.355,"background_background":"classic","background_color":"#AB4209","background_image":{"url":"https:\/\/materiotecaufma.com.br\/wp-content\/uploads\/2019\/12\/Faixas-17.png","id":550},"background_size":"cover"},"elements":[{"id":"6925bb76","settings":{"space":{"unit":"px","size":106,"sizes":[]}},"elements":[],"isInner":false,"widgetType":"spacer","elType":"widget"}],"isInner":false,"elType":"column"}],"isInner":false,"elType":"section"},{"id":"3386b21d","settings":{"layout":"full_width","structure":"60","heading_color":"#FFFFFF","color_text":"#FFFFFF","color_link":"#FFFFFF","color_link_hover":"#EDD500","margin":{"unit":"px","top":"-2","right":0,"bottom":"0","left":0,"isLinked":false}},"elements":[{"id":"6ab0e8f8","settings":{"_column_size":16,"_inline_size":19.645,"background_background":"classic","background_color":"#2E4721"},"elements":[{"id":"ab593ac","settings":{"image":{"url":"http:\/\/localhost\/wordpress\/wp-content\/uploads\/2019\/11\/Ativo-5.png","id":510}},"elements":[],"isInner":false,"widgetType":"image","elType":"widget"},{"id":"10bffdf7","settings":{"editor":"<p><a href=\"https:\/\/materiotecaufma.com.br\/inicio\">In\u00edcio<\/a><\/p><p><a href=\"https:\/\/materiotecaufma.com.br\/materiais\/\">Materiais<\/a><\/p><p><a href=\"https:\/\/materiotecaufma.com.br\/processos\/\">Processos<\/a><\/p><p><a href=\"https:\/\/materiotecaufma.com.br\/sobre\/\">Sobre<\/a><\/p><p><a href=\"https:\/\/materiotecaufma.com.br\/contato\/\">Contatos<\/a><\/p>","text_color":"#ffffff","typography_typography":"custom","typography_font_size":{"unit":"px","size":21,"sizes":[]},"align":"left","typography_font_family":"Sarabun-regular","_margin":{"unit":"px","top":"0","right":"0","bottom":"0","left":"60","isLinked":false},"typography_line_height":{"unit":"em","size":1.1,"sizes":[]},"text_columns":"1","column_gap":{"unit":"px","size":0,"sizes":[]}},"elements":[],"isInner":false,"widgetType":"text-editor","elType":"widget"}],"isInner":false,"elType":"column"},{"id":"11342115","settings":{"_column_size":16,"_inline_size":4.022},"elements":[],"isInner":false,"elType":"column"},{"id":"142bd941","settings":{"_column_size":16,"_inline_size":23.761},"elements":[{"id":"6e3f35e2","settings":{"space":{"unit":"px","size":10,"sizes":[]}},"elements":[],"isInner":false,"widgetType":"spacer","elType":"widget"},{"id":"7ef86cf9","settings":{"image":{"url":"https:\/\/materiotecaufma.com.br\/wp-content\/uploads\/2019\/11\/Fibras-de-buriti-1.png","id":451},"link_to":"custom","link":{"url":"https:\/\/materiotecaufma.com.br\/fibra-buriti\/","is_external":"","nofollow":""}},"elements":[],"isInner":false,"widgetType":"image","elType":"widget"},{"id":"4276ea5c","settings":{"image":{"url":"https:\/\/materiotecaufma.com.br\/wp-content\/uploads\/2019\/11\/Cer\u00e2mica-1.png","id":452},"link_to":"custom","link":{"url":"https:\/\/materiotecaufma.com.br\/ceramica\/","is_external":"","nofollow":""}},"elements":[],"isInner":false,"widgetType":"image","elType":"widget"},{"id":"5afd5728","settings":{"space":{"unit":"px","size":18,"sizes":[]}},"elements":[],"isInner":false,"widgetType":"spacer","elType":"widget"}],"isInner":false,"elType":"column"},{"id":"5b845f","settings":{"_column_size":16,"_inline_size":23.761},"elements":[{"id":"64f17672","settings":{"space":{"unit":"px","size":10,"sizes":[]}},"elements":[],"isInner":false,"widgetType":"spacer","elType":"widget"},{"id":"14ac11fb","settings":{"image":{"url":"https:\/\/materiotecaufma.com.br\/wp-content\/uploads\/2020\/06\/foto-de-apresenta\u00e7\u00e3o-guarim\u00e3.png","id":2010},"link_to":"custom","link":{"url":"https:\/\/materiotecaufma.com.br\/guarima","is_external":"","nofollow":""}},"elements":[],"isInner":false,"widgetType":"image","elType":"widget"},{"id":"6b31d882","settings":{"image":{"url":"https:\/\/materiotecaufma.com.br\/wp-content\/uploads\/2019\/11\/Sementes-de-ju\u00e7ara-1.png","id":455},"link_to":"custom","link":{"url":"https:\/\/materiotecaufma.com.br\/semente-jucara\/","is_external":"","nofollow":""}},"elements":[],"isInner":false,"widgetType":"image","elType":"widget"},{"id":"364a4a1d","settings":{"space":{"unit":"px","size":18,"sizes":[]}},"elements":[],"isInner":false,"widgetType":"spacer","elType":"widget"}],"isInner":false,"elType":"column"},{"id":"6feb99ec","settings":{"_column_size":16,"_inline_size":23.797},"elements":[{"id":"54cfc466","settings":{"space":{"unit":"px","size":10,"sizes":[]}},"elements":[],"isInner":false,"widgetType":"spacer","elType":"widget"},{"id":"7ca96516","settings":{"image":{"url":"https:\/\/materiotecaufma.com.br\/wp-content\/uploads\/2019\/11\/Coco-baba\u00e7u-1.png","id":453},"link_to":"custom","link":{"url":"https:\/\/materiotecaufma.com.br\/coco-babacu\/","is_external":"","nofollow":""}},"elements":[],"isInner":false,"widgetType":"image","elType":"widget"},{"id":"495c7ead","settings":{"image":{"url":"https:\/\/materiotecaufma.com.br\/wp-content\/uploads\/2019\/11\/Tingimentos-Naturais-1.png","id":456},"link_to":"custom","link":{"url":"https:\/\/materiotecaufma.com.br\/tingimentos-naturais\/","is_external":"","nofollow":""}},"elements":[],"isInner":false,"widgetType":"image","elType":"widget"},{"id":"452681fa","settings":{"space":{"unit":"px","size":18,"sizes":[]}},"elements":[],"isInner":false,"widgetType":"spacer","elType":"widget"}],"isInner":false,"elType":"column"},{"id":"128bfdb4","settings":{"_column_size":16,"_inline_size":3.012},"elements":[],"isInner":false,"elType":"column"}],"isInner":false,"elType":"section"},{"id":"3f5af44d","settings":{"layout":"full_width","structure":"20","margin":{"unit":"px","top":"-2","right":0,"bottom":"0","left":0,"isLinked":false}},"elements":[{"id":"34000cde","settings":{"_column_size":50,"_inline_size":19.551,"background_background":"classic","background_color":"#2E4721"},"elements":[{"id":"608b102a","settings":[],"elements":[],"isInner":false,"widgetType":"spacer","elType":"widget"}],"isInner":false,"elType":"column"},{"id":"7397a9be","settings":{"_column_size":50,"_inline_size":80.449,"background_background":"classic","background_image":{"url":"https:\/\/materiotecaufma.com.br\/wp-content\/uploads\/2019\/11\/Ativo-9-1.png","id":520},"background_position":"center center","background_size":"cover","margin":{"unit":"px","top":"0","right":"0","bottom":"0","left":"0","isLinked":true}},"elements":[{"id":"3955b63f","settings":{"space":{"unit":"px","size":74,"sizes":[]},"_margin":{"unit":"px","top":"-4","right":"-4","bottom":"-4","left":"-4","isLinked":true}},"elements":[],"isInner":false,"widgetType":"spacer","elType":"widget"}],"isInner":false,"elType":"column"}],"isInner":false,"elType":"section"}],"page_settings":{"eael_ext_toc_title":"Table of Contents"},"version":"0.4","title":"P\u00e1gina_Materiais","type":"page"}