{"content":[{"id":"4ad71ffe","settings":{"layout":"full_width","structure":"20"},"elements":[{"id":"3166c0cf","settings":{"_column_size":50,"_inline_size":19.645,"background_background":"classic","background_color":"#2E4721"},"elements":[{"id":"6efe1d6","settings":[],"elements":[],"isInner":false,"widgetType":"spacer","elType":"widget"}],"isInner":false,"elType":"column"},{"id":"559778b9","settings":{"_column_size":50,"_inline_size":80.355,"background_background":"classic","background_color":"#AB4209","background_image":{"url":"https:\/\/materiotecaufma.com.br\/wp-content\/uploads\/2019\/12\/Faixas_Cer\u00e2mica.png","id":814},"background_size":"cover"},"elements":[{"id":"419bb5cf","settings":{"space":{"unit":"px","size":106,"sizes":[]}},"elements":[],"isInner":false,"widgetType":"spacer","elType":"widget"}],"isInner":false,"elType":"column"}],"isInner":false,"elType":"section"},{"id":"63bf80eb","settings":{"layout":"full_width","structure":"30","margin":{"unit":"px","top":"-2","right":0,"bottom":"0","left":0,"isLinked":false}},"elements":[{"id":"163cdb66","settings":{"_column_size":33,"_inline_size":19.551,"background_background":"classic","background_color":"#2E4721","color_link":"#FFFFFF","color_link_hover":"#EDD500"},"elements":[{"id":"132c1dd0","settings":{"image":{"url":"http:\/\/localhost\/wordpress\/wp-content\/uploads\/2019\/11\/Ativo-5.png","id":510}},"elements":[],"isInner":false,"widgetType":"image","elType":"widget"},{"id":"478b410e","settings":{"editor":"<p><a href=\"https:\/\/materiotecaufma.com.br\/inicio\">In\u00edcio<\/a><\/p><p><a href=\"https:\/\/materiotecaufma.com.br\/materiais\/\">Materiais<\/a><\/p><p><a href=\"https:\/\/materiotecaufma.com.br\/processos\/\">Processos<\/a><\/p><p><a href=\"https:\/\/materiotecaufma.com.br\/sobre\/\">Sobre<\/a><\/p><p><a href=\"https:\/\/materiotecaufma.com.br\/contato\/\">Contatos<\/a><\/p>","text_color":"#ffffff","typography_typography":"custom","typography_font_size":{"unit":"px","size":21,"sizes":[]},"align":"left","typography_font_family":"Sarabun-regular","_margin":{"unit":"px","top":"0","right":"0","bottom":"0","left":"60","isLinked":false},"typography_line_height":{"unit":"em","size":1.1,"sizes":[]},"text_columns":"1","column_gap":{"unit":"px","size":0,"sizes":[]}},"elements":[],"isInner":false,"widgetType":"text-editor","elType":"widget"}],"isInner":false,"elType":"column"},{"id":"7c635ca3","settings":{"_column_size":33,"_inline_size":60.075},"elements":[{"id":"353a1e32","settings":{"eael_adv_tabs_icon_show":"","eael_adv_tabs_tab":[{"eael_adv_tabs_tab_title":"Local","_id":"c674f41","eael_adv_tabs_tab_title_icon_new":{"value":"","library":""},"eael_adv_tabs_tab_title_image":{"url":"https:\/\/materiotecaufma.com.br\/wp-content\/plugins\/elementor\/assets\/images\/placeholder.png"},"eael_adv_tabs_tab_content":"<p><img class=\"size-medium wp-image-1143 alignright\" src=\"https:\/\/materiotecaufma.com.br\/wp-content\/uploads\/2020\/05\/Itamatatiua-Alc\u00e2ntara-240x300.jpg\" alt=\"\" width=\"240\" height=\"300\" \/><\/p><ul><li><b>\u00a0<\/b>Itamatatiua<\/li><\/ul><p>Localizado a 21 km do Cujupe, terminal portu\u00e1rio, em Alc\u00e2ntara, munic\u00edpio do Maranh\u00e3o, est\u00e1 o povoado de Itamatatiua. O pote e a imagem de Santa Tereza D\u2019\u00c1villa, padroeira do povoado, sinalizam a entrada para o local, que \u00e9 uma comunidade remanescente de quilombo conhecida por sua produ\u00e7\u00e3o de cer\u00e2mica. Este saber, conduzido de forma totalmente artesanal e com mais de duzentos anos, carrega a tradi\u00e7\u00e3o da comunidade. O barro da regi\u00e3o caracteriza-se por uma colora\u00e7\u00e3o escura, o que as artes\u00e3s reconhecem como um sinal de identifica\u00e7\u00e3o entre seus corpos e a produ\u00e7\u00e3o artesanal.<\/p><p>[gallery link=\"file\" size=\"large\" columns=\"2\" ids=\"340,1347\"]<\/p>"},{"eael_adv_tabs_tab_title":"Artes\u00e3(o)s","_id":"40e3603","eael_adv_tabs_tab_title_icon_new":{"value":"","library":""},"eael_adv_tabs_tab_title_image":{"url":"https:\/\/materiotecaufma.com.br\/wp-content\/plugins\/elementor\/assets\/images\/placeholder.png"},"eael_adv_tabs_tab_content":"<p>Nos dias atuais, o trabalho com o barro \u00e9 executado por oito mulheres e acontece no Centro de Produ\u00e7\u00e3o de Cer\u00e2mica, espa\u00e7o conquistado por elas para centralizar a produ\u00e7\u00e3o. No povoado quilombola, a extra\u00e7\u00e3o do barro \u00e9 feita em um campo da comunidade, chamado pelas artes\u00e3s de \u201cbarreiro\u201d, quando o clima est\u00e1 seco. A fim de obter um barro mais livre de detritos como pedras e plantas, \u00e9 necess\u00e1rio escavar um buraco \u201ccuja profundidade segunda as artes\u00e3s, pode variar do \u2018joelho ao peito\u2019, ou seja, entre 50 cm a 1,20, aproximadamente\u201d.<\/p><p>Al\u00e9m de venderem a cer\u00e2mica no povoado, tamb\u00e9m enviam produtos para venda na loja na sede de Alc\u00e2ntara, e assim muitas vezes recebem visitas de turistas que se informam por l\u00e1. Assim, os turistas fazem visitas ao povoado, mediados por um guia, sendo comum o acontecimento de apresenta\u00e7\u00f5es de dan\u00e7a do negro e tambor de crioula, al\u00e9m, claro, de demonstra\u00e7\u00f5es por parte das artes\u00e3s de como ocorre a modelagem do barro, fatos que se manifestam como uma ponte entre o passado e o presente no quilombo.<\/p><p><strong>Participantes <\/strong><\/p><ul><li>Elo\u00edsa de Jesus<\/li><li>\u00c2ngela de Jesus<\/li><li>Canuta de Jesus<\/li><li>Domingas de Jesus<\/li><li>Flor Eduarda Moraes<\/li><li>Maria de Lourdes de Jesus<\/li><li>Maria dos Anjos de Jesus<\/li><li>Nazar\u00e9 de Jesus<\/li><li>Neide de Jesus<\/li><li>Rita de Jesus<\/li><li>Denise de Jesus:<\/li><\/ul><p><strong>\u00a0Contato<\/strong><\/p><p>(98) 99240-6583 (Elo\u00edsa de Jesus)<br \/>(98) 99113-3998 (Denise de Jesus)<br \/><a href=\"https:\/\/www.instagram.com\/quilomboitamatatiua\/\">Instagram: @quilomboitamatatiua<\/a><\/p><p>[gallery link=\"file\" size=\"large\" ids=\"1343,1344,1345\"]<\/p>"},{"eael_adv_tabs_tab_title":"Materiais e Processos","_id":"ef44dcd","eael_adv_tabs_tab_title_icon_new":{"value":"","library":""},"eael_adv_tabs_tab_title_image":{"url":"https:\/\/materiotecaufma.com.br\/wp-content\/plugins\/elementor\/assets\/images\/placeholder.png"},"eael_adv_tabs_tab_content":"<p><a href=\"https:\/\/materiotecaufma.com.br\/wp-content\/uploads\/2019\/12\/Materiais-e-processos-.jpg\"><img class=\"aligncenter wp-image-815 size-full\" src=\"https:\/\/materiotecaufma.com.br\/wp-content\/uploads\/2019\/12\/Materiais-e-processos-.jpg\" alt=\"\" width=\"1024\" height=\"518\" \/><\/a><\/p><p>[gallery link=\"file\" size=\"medium\" ids=\"1362,1351,1353,1355,1352,1361,1354,1359,1360\"]<\/p>"},{"eael_adv_tabs_tab_title_icon_new":{"value":"","library":""},"eael_adv_tabs_tab_title_image":{"url":"https:\/\/materiotecaufma.com.br\/wp-content\/plugins\/elementor\/assets\/images\/placeholder.png"},"eael_adv_tabs_tab_title":"Produtos","eael_adv_tabs_tab_content":"<p>Potes, alguidares, bilhas, moringas, cuias e bonecas do quilombo.<\/p><p>[gallery columns=\"2\" link=\"file\" size=\"large\" ids=\"1364,1365,1366,1367,1369,1370,1371,1373\"]<\/p>","_id":"f3fc937"},{"eael_adv_tabs_tab_title_icon_new":{"value":"","library":""},"eael_adv_tabs_tab_title_image":{"url":"https:\/\/materiotecaufma.com.br\/wp-content\/plugins\/elementor\/assets\/images\/placeholder.png"},"eael_adv_tabs_tab_title":"Fontes","eael_adv_tabs_tab_content":"<h2>Artigos<\/h2>\n<a href=\"https:\/\/www.researchgate.net\/publication\/339395204_Olhar_tocar_e_trocar_ferramenta_em_correspondencia\">Olhar, tocar e trocar: uma ferramenta em correspond\u00eancia<\/a>\n<h6>Raiama Portela; Raquel Noronha<\/h6>\n<a href=\"http:\/\/revistas.unisinos.br\/index.php\/sdrj\/article\/view\/sdrj.2018.112.08\">The collaborative turn: challenges and limits on the construction of common plan and on autonom\u00eda in design<\/a>\n<h6>Raquel Noronha<\/h6>\n<a href=\"https:\/\/www.researchgate.net\/publication\/277888705_ERA_UMA_VEZ_NO_QUILOMBO_NARRATIVAS_SOBRE_TURISMO_AUTENTICIDADE_E_TRADICAO_ENTRE_ARTESAS_DE_ALCANTARA_MA\">Era uma vez no quilombo: narrativas sobre turismo, autenticidade e tradi\u00e7\u00e3o entre artes\u00e3s de Alc\u00e2ntara (MA)<\/a>\n<h6>Raquel Noronha<\/h6>\n<a href=\"https:\/\/www.researchgate.net\/publication\/341804106_Sobre_a_louca_o_linho_e_a_rede_process_os_contemporaneos_de_construcao_de_valor_entre_artesas_de_Alcantara_MA\">Sobre a lou\u00e7a, o linho e a rede: processos contempor\u00e2neos de constru\u00e7\u00e3o de valor e identidade entre artes\u00e3s de Alc\u00e2ntara (MA)<\/a>\n<h6>Raquel Noronha<\/h6>\n<h2>Livros<\/h2>\nDos quintais \u00e0s prateleiras: as imagens quilombolas e a produ\u00e7\u00e3o da lou\u00e7a em Itamatatiua \u2013 Alc\u00e2ntara \u2013 Maranh\u00e3o\n<h6>Raquel Noronha<\/h6>\n<a href=\"https:\/\/www.researchgate.net\/publication\/327867736_CIRANDAS_DE_SABERES_percursos_cartograficos_e_praticas_artesanais_em_Alcantara_e_na_Baixada_Maranhense\">Ciranda de Saberes: percursos cartogr\u00e1ficos e pr\u00e1ticas artesanais em Alc\u00e2ntara e na Baixada Maranhense. <\/a>\n<h6>Raquel Noronha<\/h6>\n<a href=\"https:\/\/www.researchgate.net\/publication\/341831906_Identidade_e_valor_as_cadeias_produtivas_do_artesanato_de_Alcantara_-_MA\">Identidade \u00e9 valor: as cadeias produtivas do artesanato de Alc\u00e2ntara. <\/a>\n<h6>Raquel Noronha<\/h6>\n<h2>Cap\u00edtulos de livros<\/h2>\n<a href=\"https:\/\/www.researchgate.net\/publication\/318483903_O_designer_organico_reflexoes_sobre_a_producao_do_conhecimento_entre_designers_e_louceiras_em_Itamatatiua_-_MA\">O designer org\u00e2nico: reflex\u00f5es sobre a produ\u00e7\u00e3o do conhecimento entre designers e louceiras em Itamatatiua \u2013 MA <\/a>\n<h6>Raquel Noronha<\/h6>\n<a href=\" https:\/\/www.researchgate.net\/publication\/341193601_LIVRO-ISBN-DEF-artesanatonoMA\">Corpo e saber-fazer: da cosmologia \u00e0 pol\u00edtica <\/a>\n<h6>Raquel Noronha<\/h6>\n<a href=\"https:\/\/www.researchgate.net\/publication\/341804124_Narrativas_visuais_ser_quilombola_no_Museu_Afrodigita\">Narrativas visuais: \"ser quilombola\" no Museu Afrodigital. <\/a>\n<h6>Raquel Noronha<\/h6>\n<h2>Disserta\u00e7\u00f5es<\/h2>\n<a href=\"https:\/\/drive.google.com\/drive\/folders\/0B5O9s5J4irByWUdnTGxTMjdFMlU?usp=sharing\">Cer\u00e2mica do quilombo de Itamatatiua: intera\u00e7\u00f5es do design com o artesanato voltadas \u00e0 sustentabilidade.<\/a>\n<h6>Glauba Alves do Vale Cestari<\/h6>\n<a href=\" https:\/\/tedebc.ufma.br\/jspui\/handle\/tede\/2449\">Correspond\u00eancias por meio de ferramentas de design: artesanato e empoderamento (ou aprisionamento?)<\/a>\n<h6>Raiama Lima Portela<\/h6>\n<h2>Monografias<\/h2>\n<a href=\"https:\/\/www.researchgate.net\/publication\/301425352_TERRITORIO_E_IDENTIDADE_O_CASO_DA_ASSOCIACAO_CERAMICA_DAS_MULHERES_DE_ITAMATATIUA\">Territ\u00f3rio e identidade: o caso da Associa\u00e7\u00e3o Cer\u00e2mica das mulheres de Itamatatiua. <\/a>\n<h6>Raiama Lima Portela<\/h6>\nNa mar\u00e9 do turismo: uma pesquisa de percep\u00e7\u00e3o sobre o consumo do artesanato em Alc\u00e2ntara-MA.\n<h6>Ima\u00edra Ara\u00fajo Portela de Medeiros.\u00a0<\/h6>\n\n\n\u201cEla \u00e9 negrinha que nem n\u00f3s\u201d.\n<h6><strong>Jos\u00e9 Ara\u00fajo Lages J\u00fanior.<\/strong><\/h6>","_id":"7489782"}],"eael_adv_tabs_tab_title_typography_typography":"custom","eael_adv_tabs_tab_title_typography_font_family":"Sarabum-Medium","eael_adv_tabs_tab_title_typography_font_size":{"unit":"px","size":16,"sizes":[]},"eael_adv_tabs_tab_title_typography_font_weight":"700","eael_adv_tabs_tab_color":"#FFFFFF","eael_adv_tabs_tab_text_color":"#54595F","eael_adv_tabs_tab_border_width":{"unit":"px","top":"1","right":"1","bottom":"1","left":"1","isLinked":true},"eael_adv_tabs_tab_color_hover":"rgba(248, 248, 248, 0)","eael_adv_tabs_tab_text_color_hover":"#AB4209","eael_adv_tabs_tab_color_active":"rgba(248, 248, 248, 0)","eael_adv_tabs_tab_text_color_active":"#AB4209","eael_adv_tabs_tab_border_active_border":"solid","eael_adv_tabs_tab_border_active_width":{"unit":"px","top":"1","right":"1","bottom":"1","left":"1","isLinked":true},"eael_adv_tabs_tab_border_active_color":"#C7C7C7","adv_tabs_content_text_color":"#333333","eael_adv_tabs_content_typography_typography":"custom","eael_adv_tabs_content_typography_font_family":"Sarabum-Medium","eael_adv_tabs_content_typography_font_size":{"unit":"px","size":16,"sizes":[]},"eael_adv_tabs_content_typography_font_weight":"500","eael_adv_tabs_content_border_border":"solid","eael_adv_tabs_content_border_width":{"unit":"px","top":"1","right":"1","bottom":"1","left":"1","isLinked":true},"eael_adv_tabs_content_border_color":"#C7C7C7","eael_adv_tabs_tab_caret_show":"","eael_adv_tabs_tab_caret_size":{"unit":"px","size":9,"sizes":[]}},"elements":[],"isInner":false,"widgetType":"eael-adv-tabs","elType":"widget"},{"id":"5cbc8ad5","settings":{"space":{"unit":"px","size":15,"sizes":[]}},"elements":[],"isInner":false,"widgetType":"spacer","elType":"widget"}],"isInner":false,"elType":"column"},{"id":"1c9964c3","settings":{"_column_size":33,"_inline_size":20.04},"elements":[],"isInner":false,"elType":"column"}],"isInner":false,"elType":"section"},{"id":"2178406d","settings":{"layout":"full_width","structure":"20","margin":{"unit":"px","top":"-2","right":0,"bottom":"0","left":0,"isLinked":false}},"elements":[{"id":"1bcdd8ed","settings":{"_column_size":50,"_inline_size":19.551,"background_background":"classic","background_color":"#2E4721"},"elements":[{"id":"63d7db6","settings":[],"elements":[],"isInner":false,"widgetType":"spacer","elType":"widget"}],"isInner":false,"elType":"column"},{"id":"16c38c8a","settings":{"_column_size":50,"_inline_size":80.449,"background_background":"classic","background_image":{"url":"https:\/\/materiotecaufma.com.br\/wp-content\/uploads\/2019\/11\/Ativo-9-1.png","id":520},"background_position":"center center","background_size":"cover","margin":{"unit":"px","top":"0","right":"0","bottom":"0","left":"0","isLinked":true}},"elements":[{"id":"6944ae83","settings":{"space":{"unit":"px","size":75,"sizes":[]},"_margin":{"unit":"px","top":"-4","right":"-4","bottom":"-4","left":"-4","isLinked":true}},"elements":[],"isInner":false,"widgetType":"spacer","elType":"widget"}],"isInner":false,"elType":"column"}],"isInner":false,"elType":"section"}],"page_settings":{"eael_ext_toc_title":"Table of Contents"},"version":"0.4","title":"Pagina_Ceramica_Itamatatiua","type":"page"}