{"content":[{"id":"6f5a4640","settings":{"layout":"full_width","structure":"20"},"elements":[{"id":"68c219e1","settings":{"_column_size":50,"_inline_size":19.505,"background_background":"classic","background_color":"#2E4721"},"elements":[{"id":"5c921828","settings":[],"elements":[],"isInner":false,"widgetType":"spacer","elType":"widget"}],"isInner":false,"elType":"column"},{"id":"4de06fd1","settings":{"_column_size":50,"_inline_size":80.495,"background_background":"classic","background_color":"#AB4209"},"elements":[{"id":"27ee6bf6","settings":{"space":{"unit":"px","size":65,"sizes":[]}},"elements":[],"isInner":false,"widgetType":"spacer","elType":"widget"}],"isInner":false,"elType":"column"}],"isInner":false,"elType":"section"},{"id":"3c993ef9","settings":{"layout":"full_width","structure":"30","heading_color":"#FFFFFF","color_text":"#FFFFFF","color_link":"#FFFFFF","color_link_hover":"#EDD500","margin":{"unit":"px","top":"-2","right":0,"bottom":"0","left":0,"isLinked":false}},"elements":[{"id":"b103c61","settings":{"_column_size":33,"_inline_size":19.604,"background_background":"classic","background_color":"#2E4721"},"elements":[{"id":"3b388600","settings":{"image":{"url":"http:\/\/localhost\/wordpress\/wp-content\/uploads\/2019\/11\/Ativo-5.png","id":510},"_margin":{"unit":"px","top":"-20","right":"18","bottom":"18","left":"18","isLinked":false},"link_to":"custom","link":{"url":"https:\/\/materiotecaufma.com.br\/apresentacao\/","is_external":"","nofollow":""}},"elements":[],"isInner":false,"widgetType":"image","elType":"widget"},{"id":"11e10ad","settings":{"editor":"<p><a href=\"https:\/\/materiotecaufma.com.br\">In\u00edcio<\/a><\/p><p><a href=\"https:\/\/materiotecaufma.com.br\/materiais\">Materiais<\/a><\/p><p><a href=\"https:\/\/materiotecaufma.com.br\/processos\">Processos<\/a><\/p><p><a href=\"https:\/\/materiotecaufma.com.br\/sobre\">Sobre<\/a><\/p><p><a href=\"https:\/\/materiotecaufma.com.br\/contato\">Contatos<\/a><\/p>","text_color":"#ffffff","typography_typography":"custom","typography_font_size":{"unit":"px","size":21,"sizes":[]},"align":"left","typography_font_family":"Sarabun-regular","_margin":{"unit":"px","top":"0","right":"0","bottom":"0","left":"60","isLinked":false},"typography_line_height":{"unit":"em","size":1.1,"sizes":[]},"text_columns":"1","column_gap":{"unit":"px","size":0,"sizes":[]}},"elements":[],"isInner":false,"widgetType":"text-editor","elType":"widget"}],"isInner":false,"elType":"column"},{"id":"67e31a72","settings":{"_column_size":33,"_inline_size":39.984},"elements":[{"id":"24d7d6c9","settings":{"image":{"url":"https:\/\/materiotecaufma.com.br\/wp-content\/uploads\/2020\/01\/MateriaisDEFINITIVO@300x-100-1.jpg","id":1038},"link_to":"custom","link":{"url":"https:\/\/materiotecaufma.com.br\/materiais\/","is_external":"","nofollow":""},"_margin":{"unit":"px","top":"-10","right":"-14","bottom":"-10","left":"-11","isLinked":false},"opacity_hover":{"unit":"px","size":0.93,"sizes":[]},"space":{"unit":"%","size":100,"sizes":[]}},"elements":[],"isInner":false,"widgetType":"image","elType":"widget"}],"isInner":false,"elType":"column"},{"id":"57cd54f8","settings":{"_column_size":33,"_inline_size":40.078,"background_background":"classic","margin":{"unit":"px","top":"0","right":"0","bottom":"0","left":"0","isLinked":false}},"elements":[{"id":"3cdb2578","settings":{"image":{"url":"https:\/\/materiotecaufma.com.br\/wp-content\/uploads\/2020\/01\/ProcessosDEFINITIVO@300x-100.jpg","id":1039},"link_to":"custom","link":{"url":"https:\/\/materiotecaufma.com.br\/processos","is_external":"","nofollow":""},"_margin":{"unit":"px","top":"-10","right":"-14","bottom":"-10","left":"-10","isLinked":false},"opacity_hover":{"unit":"px","size":0.93,"sizes":[]}},"elements":[],"isInner":false,"widgetType":"image","elType":"widget"}],"isInner":false,"elType":"column"}],"isInner":false,"elType":"section"},{"id":"2688212b","settings":{"layout":"full_width","structure":"20","margin":{"unit":"px","top":"-4","right":0,"bottom":"0","left":0,"isLinked":false}},"elements":[{"id":"2a91b947","settings":{"_column_size":50,"_inline_size":19.505,"background_background":"classic","background_color":"#2E4721"},"elements":[{"id":"4087b4c6","settings":[],"elements":[],"isInner":false,"widgetType":"spacer","elType":"widget"}],"isInner":false,"elType":"column"},{"id":"6cddc822","settings":{"_column_size":50,"_inline_size":80.495,"background_background":"classic","background_image":{"url":"https:\/\/materiotecaufma.com.br\/wp-content\/uploads\/2019\/11\/Ativo-9-1.png","id":520},"background_position":"center center","background_size":"cover","margin":{"unit":"px","top":"0","right":"0","bottom":"0","left":"0","isLinked":false}},"elements":[{"id":"7f35f743","settings":{"space":{"unit":"px","size":76,"sizes":[]},"_margin":{"unit":"px","top":"-4","right":"-4","bottom":"-4","left":"-4","isLinked":false}},"elements":[],"isInner":false,"widgetType":"spacer","elType":"widget"}],"isInner":false,"elType":"column"}],"isInner":false,"elType":"section"}],"page_settings":[],"version":"0.4","title":"Pagina_Principal","type":"page"}