{"content":[{"id":"32caf886","settings":{"layout":"full_width","structure":"20"},"elements":[{"id":"34405685","settings":{"_column_size":50,"_inline_size":19.645,"background_background":"classic","background_color":"#2E4721"},"elements":[{"id":"614068d7","settings":[],"elements":[],"isInner":false,"widgetType":"spacer","elType":"widget"}],"isInner":false,"elType":"column"},{"id":"3635d84a","settings":{"_column_size":50,"_inline_size":80.355,"background_background":"classic","background_color":"#AB4209","background_image":{"url":"https:\/\/materiotecaufma.com.br\/wp-content\/uploads\/2020\/06\/faixa-guarim\u00e3.png","id":2007},"background_size":"cover"},"elements":[{"id":"2098fc77","settings":{"space":{"unit":"px","size":106,"sizes":[]},"_background_background":"classic"},"elements":[],"isInner":false,"widgetType":"spacer","elType":"widget"}],"isInner":false,"elType":"column"}],"isInner":false,"elType":"section"},{"id":"4faef34c","settings":{"layout":"full_width","structure":"30"},"elements":[{"id":"3a2f7bb1","settings":{"_column_size":33,"_inline_size":19.645,"background_background":"classic","background_color":"#2E4721","color_link":"#FFFFFF","color_link_hover":"#EDD500"},"elements":[{"id":"4207fafd","settings":{"image":{"url":"http:\/\/localhost\/wordpress\/wp-content\/uploads\/2019\/11\/Ativo-5.png","id":510}},"elements":[],"isInner":false,"widgetType":"image","elType":"widget"},{"id":"38a7af0c","settings":{"editor":"<p><a href=\"https:\/\/materiotecaufma.com.br\/inicio\">In\u00edcio<\/a><\/p><p><a href=\"https:\/\/materiotecaufma.com.br\/materiais\/\">Materiais<\/a><\/p><p><a href=\"https:\/\/materiotecaufma.com.br\/processos\/\">Processos<\/a><\/p><p><a href=\"https:\/\/materiotecaufma.com.br\/sobre\/\">Sobre<\/a><\/p><p><a href=\"https:\/\/materiotecaufma.com.br\/contato\/\">Contatos<\/a><\/p>","text_color":"#ffffff","typography_typography":"custom","typography_font_size":{"unit":"px","size":21,"sizes":[]},"align":"left","typography_font_family":"Sarabun-regular","_margin":{"unit":"px","top":"0","right":"0","bottom":"0","left":"60","isLinked":false},"typography_line_height":{"unit":"em","size":1.1,"sizes":[]},"text_columns":"1","column_gap":{"unit":"px","size":0,"sizes":[]}},"elements":[],"isInner":false,"widgetType":"text-editor","elType":"widget"}],"isInner":false,"elType":"column"},{"id":"618becdb","settings":{"_column_size":33,"_inline_size":59.19},"elements":[{"id":"70793d21","settings":{"eael_adv_tabs_icon_show":"","eael_adv_tabs_tab":[{"eael_adv_tabs_tab_title":"Local","_id":"c674f41","eael_adv_tabs_tab_title_icon_new":{"value":"","library":""},"eael_adv_tabs_tab_title_image":{"url":"https:\/\/materiotecaufma.com.br\/wp-content\/plugins\/elementor\/assets\/images\/placeholder.png"},"eael_adv_tabs_tab_content":"<ul><li>Viana<img class=\"alignright wp-image-2042\" src=\"https:\/\/materiotecaufma.com.br\/wp-content\/uploads\/2020\/06\/mapa-png.png\" alt=\"\" width=\"280\" height=\"310\" \/><\/li><\/ul><p>Situado em Viana - MA, a 214Km de S\u00e3o Lu\u00eds, Taquaritiua \u00e9 uma aldeia de resist\u00eancia do povo Gamella. Lado a lado com essa etnia, est\u00e3o as quebradeiras de coco baba\u00e7u e suas fam\u00edlias, povos que compartilham a luta pela sobreviv\u00eancia, e consequentemente reivindicam o direito ao territ\u00f3rio, uma vez que tiram seu sustento do que plantam, pescam, enfim, do que produzem..<\/p><p><img class=\"aligncenter wp-image-1519 size-full\" src=\"https:\/\/materiotecaufma.com.br\/wp-content\/uploads\/2020\/06\/1.jpg\" alt=\"\" width=\"1024\" height=\"681\" \/><\/p>"},{"eael_adv_tabs_tab_title":"Artes\u00e3(o)s","_id":"40e3603","eael_adv_tabs_tab_title_icon_new":{"value":"","library":""},"eael_adv_tabs_tab_title_image":{"url":"https:\/\/materiotecaufma.com.br\/wp-content\/plugins\/elementor\/assets\/images\/placeholder.png"},"eael_adv_tabs_tab_content":"<ul><li>Idalina Costa<\/li><li>Elizete<\/li><li>Zeca<\/li><\/ul><p>[gallery size=\"large\" link=\"file\" ids=\"1520,1538,1524\"]<\/p><p><strong>Contato<\/strong><\/p><p>(98) 99205-2848 (Idalina)<\/p>"},{"eael_adv_tabs_tab_title":"Materiais e Processos","_id":"ef44dcd","eael_adv_tabs_tab_title_icon_new":{"value":"","library":""},"eael_adv_tabs_tab_title_image":{"url":"https:\/\/materiotecaufma.com.br\/wp-content\/plugins\/elementor\/assets\/images\/placeholder.png"},"eael_adv_tabs_tab_content":"<p>S\u00e3o confeccionados os mais diversos objetos com a fibra de guarim\u00e3 e com outras fibras como a titara.<\/p><p>[gallery columns=\"4\" link=\"file\" size=\"large\" ids=\"1532,1526,1525,1523,1521,1541,1540,1522\"]<\/p>"},{"eael_adv_tabs_tab_title_icon_new":{"value":"","library":""},"eael_adv_tabs_tab_title_image":{"url":"https:\/\/materiotecaufma.com.br\/wp-content\/plugins\/elementor\/assets\/images\/placeholder.png"},"eael_adv_tabs_tab_title":"Produtos","eael_adv_tabs_tab_content":"<p>\u00a0<\/p><p>[gallery columns=\"2\" link=\"file\" size=\"medium\" ids=\"1534,1528,1529,1530,1531,1650\"]<\/p>","_id":"f3fc937"},{"eael_adv_tabs_tab_title_icon_new":{"value":"","library":""},"eael_adv_tabs_tab_title_image":{"url":"https:\/\/materiotecaufma.com.br\/wp-content\/plugins\/elementor\/assets\/images\/placeholder.png"},"eael_adv_tabs_tab_title":"Fontes","eael_adv_tabs_tab_content":"<a href=\"https:\/\/www.researchgate.net\/publication\/327867736_CIRANDAS_DE_SABERES_percursos_cartograficos_e_praticas_artesanais_em_Alcantara_e_na_Baixada_Maranhense\">Ciranda de Saberes: percursos cartogr\u00e1ficos e pr\u00e1ticas artesanais em Alc\u00e2ntara e na Baixada Maranhense.<\/a> <h6>Raquel Noronha; Andr\u00e9a Katiane Costa; Gisele Saraiva; M\u00e1rcio Guimar\u00e3es; Raiama Portela<\/h6>","_id":"7489782"}],"eael_adv_tabs_tab_title_typography_typography":"custom","eael_adv_tabs_tab_title_typography_font_family":"Sarabum-Medium","eael_adv_tabs_tab_title_typography_font_size":{"unit":"px","size":16,"sizes":[]},"eael_adv_tabs_tab_title_typography_font_weight":"700","eael_adv_tabs_tab_color":"#FFFFFF","eael_adv_tabs_tab_text_color":"#54595F","eael_adv_tabs_tab_border_width":{"unit":"px","top":"1","right":"1","bottom":"1","left":"1","isLinked":true},"eael_adv_tabs_tab_color_hover":"rgba(248, 248, 248, 0)","eael_adv_tabs_tab_text_color_hover":"#AB4209","eael_adv_tabs_tab_color_active":"rgba(248, 248, 248, 0)","eael_adv_tabs_tab_text_color_active":"#AB4209","eael_adv_tabs_tab_border_active_border":"solid","eael_adv_tabs_tab_border_active_width":{"unit":"px","top":"1","right":"1","bottom":"1","left":"1","isLinked":true},"eael_adv_tabs_tab_border_active_color":"#C7C7C7","adv_tabs_content_text_color":"#333333","eael_adv_tabs_content_typography_typography":"custom","eael_adv_tabs_content_typography_font_family":"Sarabum-Medium","eael_adv_tabs_content_typography_font_size":{"unit":"px","size":16,"sizes":[]},"eael_adv_tabs_content_typography_font_weight":"500","eael_adv_tabs_content_border_border":"solid","eael_adv_tabs_content_border_width":{"unit":"px","top":"1","right":"1","bottom":"1","left":"1","isLinked":true},"eael_adv_tabs_content_border_color":"#C7C7C7","eael_adv_tabs_tab_caret_show":"","eael_adv_tabs_tab_caret_size":{"unit":"px","size":9,"sizes":[]}},"elements":[],"isInner":false,"widgetType":"eael-adv-tabs","elType":"widget"},{"id":"122de62d","settings":{"space":{"unit":"px","size":14,"sizes":[]}},"elements":[],"isInner":false,"widgetType":"spacer","elType":"widget"}],"isInner":false,"elType":"column"},{"id":"3fc534d8","settings":{"_column_size":33,"_inline_size":20.447},"elements":[{"id":"396271b9","settings":{"space":{"unit":"px","size":10,"sizes":[]}},"elements":[],"isInner":false,"widgetType":"spacer","elType":"widget"}],"isInner":false,"elType":"column"}],"isInner":false,"elType":"section"},{"id":"512cf2cd","settings":{"layout":"full_width","structure":"20"},"elements":[{"id":"7d28a637","settings":{"_column_size":50,"_inline_size":19.551,"background_background":"classic","background_color":"#2E4721"},"elements":[{"id":"246b2e05","settings":[],"elements":[],"isInner":false,"widgetType":"spacer","elType":"widget"}],"isInner":false,"elType":"column"},{"id":"120fa101","settings":{"_column_size":50,"_inline_size":80.449,"background_background":"classic","background_image":{"url":"https:\/\/materiotecaufma.com.br\/wp-content\/uploads\/2019\/11\/Ativo-9-1.png","id":520},"background_position":"center center","background_size":"cover","margin":{"unit":"px","top":"0","right":"0","bottom":"0","left":"0","isLinked":true}},"elements":[{"id":"25a43188","settings":{"space":{"unit":"px","size":74,"sizes":[]},"_margin":{"unit":"px","top":"-4","right":"-4","bottom":"-4","left":"-4","isLinked":true}},"elements":[],"isInner":false,"widgetType":"spacer","elType":"widget"}],"isInner":false,"elType":"column"}],"isInner":false,"elType":"section"}],"page_settings":{"eael_ext_toc_title":"Table of Contents"},"version":"0.4","title":"Pagina_Guarima_Taquaratiua","type":"page"}