{"content":[{"id":"40fe81b3","settings":{"layout":"full_width","structure":"20"},"elements":[{"id":"31ad3333","settings":{"_column_size":50,"_inline_size":19.645,"background_background":"classic","background_color":"#2E4721"},"elements":[{"id":"2da20752","settings":[],"elements":[],"isInner":false,"widgetType":"spacer","elType":"widget"}],"isInner":false,"elType":"column"},{"id":"7acbc3a1","settings":{"_column_size":50,"_inline_size":80.355,"background_background":"classic","background_color":"#AB4209","background_image":{"url":"https:\/\/materiotecaufma.com.br\/wp-content\/uploads\/2019\/12\/Faixas-25.png","id":620},"background_size":"cover"},"elements":[{"id":"5f6e1a2e","settings":{"space":{"unit":"px","size":106,"sizes":[]}},"elements":[],"isInner":false,"widgetType":"spacer","elType":"widget"}],"isInner":false,"elType":"column"}],"isInner":false,"elType":"section"},{"id":"4fca5795","settings":{"layout":"full_width","structure":"30"},"elements":[{"id":"341ad898","settings":{"_column_size":33,"_inline_size":19.551,"background_background":"classic","background_color":"#2E4721","color_link":"#FFFFFF","color_link_hover":"#EDD500"},"elements":[{"id":"36b82ae","settings":{"image":{"url":"http:\/\/localhost\/wordpress\/wp-content\/uploads\/2019\/11\/Ativo-5.png","id":510}},"elements":[],"isInner":false,"widgetType":"image","elType":"widget"},{"id":"52adb33f","settings":{"editor":"<p><a href=\"https:\/\/materiotecaufma.com.br\/inicio\">In\u00edcio<\/a><\/p><p><a href=\"https:\/\/materiotecaufma.com.br\/materiais\/\">Materiais<\/a><\/p><p><a href=\"https:\/\/materiotecaufma.com.br\/processos\/\">Processos<\/a><\/p><p><a href=\"https:\/\/materiotecaufma.com.br\/sobre\/\">Sobre<\/a><\/p><p><a href=\"https:\/\/materiotecaufma.com.br\/contato\/\">Contatos<\/a><\/p>","text_color":"#ffffff","typography_typography":"custom","typography_font_size":{"unit":"px","size":21,"sizes":[]},"align":"left","typography_font_family":"Sarabun-regular","_margin":{"unit":"px","top":"0","right":"0","bottom":"0","left":"60","isLinked":false},"typography_line_height":{"unit":"em","size":1.1,"sizes":[]},"text_columns":"1","column_gap":{"unit":"px","size":0,"sizes":[]}},"elements":[],"isInner":false,"widgetType":"text-editor","elType":"widget"}],"isInner":false,"elType":"column"},{"id":"1f1ac474","settings":{"_column_size":33,"_inline_size":60.075},"elements":[{"id":"2bc61763","settings":{"eael_adv_tabs_icon_show":"","eael_adv_tabs_tab":[{"eael_adv_tabs_tab_title":"Local","_id":"c674f41","eael_adv_tabs_tab_title_icon_new":{"value":"","library":""},"eael_adv_tabs_tab_title_image":{"url":"https:\/\/materiotecaufma.com.br\/wp-content\/plugins\/elementor\/assets\/images\/placeholder.png"},"eael_adv_tabs_tab_content":"<p><img class=\"size-medium wp-image-1158 alignright\" src=\"https:\/\/materiotecaufma.com.br\/wp-content\/uploads\/2020\/05\/S\u00e3o-Raimundo-Alc\u00e2ntara-240x300.jpg\" alt=\"\" width=\"240\" height=\"300\" \/><\/p><p>A comunidade S\u00e3o Raimundo situa-se no munic\u00edpio de Alc\u00e2ntara, a um quil\u00f4metro do entroncamento formado entre a estrada do Cujupe e a MA 106, rodovia que passa pelo povoado, gerando um grande fluxo de carros e pessoas e proporcionando a comercializa\u00e7\u00e3o dos produtos. S\u00e3o Raimundo divide-se em duas comunidades: S\u00e3o Raimundo, propriamente dita e Guananim.<\/p>"},{"eael_adv_tabs_tab_title":"Artes\u00e3(o)s","_id":"40e3603","eael_adv_tabs_tab_title_icon_new":{"value":"","library":""},"eael_adv_tabs_tab_title_image":{"url":"https:\/\/materiotecaufma.com.br\/wp-content\/plugins\/elementor\/assets\/images\/placeholder.png"},"eael_adv_tabs_tab_content":"<p><b>S\u00e3o Raimundo<\/b><\/p><ul><li>Manoel<\/li><li>Mi\u00fada (Raimunda)<\/li><li>Silvia Borges (Cici)<\/li><\/ul><p><strong>Guananim<\/strong><\/p><ul><li>Adriana<\/li><li>Cec\u00e9 Alves<\/li><li>Dorinalva<\/li><li>Maria Alzinete Costa<\/li><li>Nildelene<\/li><li>Teresinha<\/li><\/ul><p>[gallery columns=\"4\" size=\"medium\" link=\"file\" ids=\"1328,1321,1323,1324\"]<\/p><p><strong>Contato<\/strong><\/p><p>(99) 98561-5781 (Silvia Borges - Cici)<\/p>"},{"eael_adv_tabs_tab_title":"Materiais e Processos","_id":"ef44dcd","eael_adv_tabs_tab_title_icon_new":{"value":"","library":""},"eael_adv_tabs_tab_title_image":{"url":"https:\/\/materiotecaufma.com.br\/wp-content\/plugins\/elementor\/assets\/images\/placeholder.png"},"eael_adv_tabs_tab_content":"<p>Os produtos confeccionados em S\u00e3o Raimundo s\u00e3o feitos com a fibra do guarim\u00e3. uma planta que cresce em regi\u00f5es semi-alagadas e com a envira, nome dado \u00e0s fibras retiradas da casca de algumas \u00e1rvores. Segundo os artes\u00e3os da comunidade, o trabalho com as fibras \u00e9 uma atividade passada por gera\u00e7\u00f5es. A maior parte dos moradores trabalha com o guarim\u00e3, produzindo pe\u00e7as com a fibra, \u00e9 comum que aos onze anos j\u00e1 se saiba tran\u00e7ar os principais produtos. Geralmente, os artes\u00e3os produzem sozinhos em suas casas e, ocasionalmente, em grupo, reunindo-se na casa da farinha ou nas varandas das casas dos participantes.<\/p><p>[gallery link=\"file\" size=\"medium\" ids=\"1306,1308,1307,1309,1311,1310\"]<\/p>"},{"eael_adv_tabs_tab_title_icon_new":{"value":"","library":""},"eael_adv_tabs_tab_title_image":{"url":"https:\/\/materiotecaufma.com.br\/wp-content\/plugins\/elementor\/assets\/images\/placeholder.png"},"eael_adv_tabs_tab_title":"Produtos","eael_adv_tabs_tab_content":"<p>A produ\u00e7\u00e3o artesanal destina-se majoritariamente \u00e0 confec\u00e7\u00e3o de peneira (urupema) e tapiti, mas tamb\u00e9m s\u00e3o feitos balaios e cofos. O tapiti \u00e9 utilizado na produ\u00e7\u00e3o da farinha de mandioca e tem dura\u00e7\u00e3o m\u00e9dia de duas semanas, quando utilizado ininterruptamente neste espa\u00e7o de tempo, ou seja, h\u00e1 uma busca constante do produto pelos produtores locais de farinha.\u00a0<\/p><p>[gallery link=\"file\" columns=\"4\" size=\"medium\" ids=\"1325,1322,1336,1337\"]<\/p>","_id":"f3fc937"},{"eael_adv_tabs_tab_title_icon_new":{"value":"","library":""},"eael_adv_tabs_tab_title_image":{"url":"https:\/\/materiotecaufma.com.br\/wp-content\/plugins\/elementor\/assets\/images\/placeholder.png"},"eael_adv_tabs_tab_title":"Fontes","eael_adv_tabs_tab_content":"<a href=\"https:\/\/www.researchgate.net\/publication\/327867736_CIRANDAS_DE_SABERES_percursos_cartograficos_e_praticas_artesanais_em_Alcantara_e_na_Baixada_Maranhense\">Ciranda de Saberes: percursos cartogr\u00e1ficos e pr\u00e1ticas artesanais em Alc\u00e2ntara e na Baixada Maranhense.<\/a><h6>Raquel Noronha; Andr\u00e9a Katiane Costa; Gisele Saraiva; M\u00e1rcio Guimar\u00e3es; Raiama Portela<\/h6>","_id":"7489782"}],"eael_adv_tabs_tab_title_typography_typography":"custom","eael_adv_tabs_tab_title_typography_font_family":"Sarabum-Medium","eael_adv_tabs_tab_title_typography_font_size":{"unit":"px","size":16,"sizes":[]},"eael_adv_tabs_tab_title_typography_font_weight":"700","eael_adv_tabs_tab_color":"#FFFFFF","eael_adv_tabs_tab_text_color":"#54595F","eael_adv_tabs_tab_border_width":{"unit":"px","top":"1","right":"1","bottom":"1","left":"1","isLinked":true},"eael_adv_tabs_tab_color_hover":"rgba(248, 248, 248, 0)","eael_adv_tabs_tab_text_color_hover":"#AB4209","eael_adv_tabs_tab_color_active":"rgba(248, 248, 248, 0)","eael_adv_tabs_tab_text_color_active":"#AB4209","eael_adv_tabs_tab_border_active_border":"solid","eael_adv_tabs_tab_border_active_width":{"unit":"px","top":"1","right":"1","bottom":"1","left":"1","isLinked":true},"eael_adv_tabs_tab_border_active_color":"#C7C7C7","adv_tabs_content_text_color":"#333333","eael_adv_tabs_content_typography_typography":"custom","eael_adv_tabs_content_typography_font_family":"Sarabum-Medium","eael_adv_tabs_content_typography_font_size":{"unit":"px","size":16,"sizes":[]},"eael_adv_tabs_content_typography_font_weight":"500","eael_adv_tabs_content_border_border":"solid","eael_adv_tabs_content_border_width":{"unit":"px","top":"1","right":"1","bottom":"1","left":"1","isLinked":true},"eael_adv_tabs_content_border_color":"#C7C7C7","eael_adv_tabs_tab_caret_show":"","eael_adv_tabs_tab_caret_size":{"unit":"px","size":9,"sizes":[]}},"elements":[],"isInner":false,"widgetType":"eael-adv-tabs","elType":"widget"},{"id":"3b928f97","settings":{"space":{"unit":"px","size":10,"sizes":[]}},"elements":[],"isInner":false,"widgetType":"spacer","elType":"widget"}],"isInner":false,"elType":"column"},{"id":"54a8cf09","settings":{"_column_size":33,"_inline_size":20.04},"elements":[],"isInner":false,"elType":"column"}],"isInner":false,"elType":"section"},{"id":"264bc568","settings":{"layout":"full_width","structure":"20"},"elements":[{"id":"37ae8ee1","settings":{"_column_size":50,"_inline_size":19.551,"background_background":"classic","background_color":"#2E4721"},"elements":[{"id":"2fa89e50","settings":[],"elements":[],"isInner":false,"widgetType":"spacer","elType":"widget"}],"isInner":false,"elType":"column"},{"id":"7d6ac9c6","settings":{"_column_size":50,"_inline_size":80.449,"background_background":"classic","background_image":{"url":"https:\/\/materiotecaufma.com.br\/wp-content\/uploads\/2019\/11\/Ativo-9-1.png","id":520},"background_position":"center center","background_size":"cover","margin":{"unit":"px","top":"0","right":"0","bottom":"0","left":"0","isLinked":true}},"elements":[{"id":"3c853d88","settings":{"space":{"unit":"px","size":74,"sizes":[]},"_margin":{"unit":"px","top":"-4","right":"-4","bottom":"-4","left":"-4","isLinked":true}},"elements":[],"isInner":false,"widgetType":"spacer","elType":"widget"}],"isInner":false,"elType":"column"}],"isInner":false,"elType":"section"}],"page_settings":{"eael_ext_toc_title":"Table of Contents"},"version":"0.4","title":"Pagina_Guarima_SRaimundo","type":"page"}