{"content":[{"id":"7ae63b","settings":{"layout":"full_width","structure":"20"},"elements":[{"id":"1ffab76c","settings":{"_column_size":50,"_inline_size":19.645,"background_background":"classic","background_color":"#2E4721"},"elements":[{"id":"67d04a18","settings":[],"elements":[],"isInner":false,"widgetType":"spacer","elType":"widget"}],"isInner":false,"elType":"column"},{"id":"780e68d2","settings":{"_column_size":50,"_inline_size":80.355,"background_background":"classic","background_color":"#AB4209","background_image":{"url":"https:\/\/materiotecaufma.com.br\/wp-content\/uploads\/2019\/12\/Faixas_Guarim\u00e3.png","id":591},"background_size":"cover"},"elements":[{"id":"183302f5","settings":{"space":{"unit":"px","size":112,"sizes":[]}},"elements":[],"isInner":false,"widgetType":"spacer","elType":"widget"}],"isInner":false,"elType":"column"}],"isInner":false,"elType":"section"},{"id":"54882b2","settings":{"layout":"full_width","structure":"50","heading_color":"#FFFFFF","color_text":"#FFFFFF","color_link":"#FFFFFF","color_link_hover":"#EDD500","margin":{"unit":"px","top":"-2","right":0,"bottom":"0","left":0,"isLinked":false}},"elements":[{"id":"9b912a7","settings":{"_column_size":20,"_inline_size":19.645,"background_background":"classic","background_color":"#2E4721"},"elements":[{"id":"4c46988f","settings":{"image":{"url":"http:\/\/localhost\/wordpress\/wp-content\/uploads\/2019\/11\/Ativo-5.png","id":510}},"elements":[],"isInner":false,"widgetType":"image","elType":"widget"},{"id":"33b48ef2","settings":{"editor":"<p><a href=\"https:\/\/materiotecaufma.com.br\/inicio\">In\u00edcio<\/a><\/p><p><a href=\"https:\/\/materiotecaufma.com.br\/materiais\/\">Materiais<\/a><\/p><p><a href=\"https:\/\/materiotecaufma.com.br\/processos\/\">Processos<\/a><\/p><p><a href=\"https:\/\/materiotecaufma.com.br\/sobre\/\">Sobre<\/a><\/p><p><a href=\"https:\/\/materiotecaufma.com.br\/contato\/\">Contatos<\/a><\/p>","text_color":"#ffffff","typography_typography":"custom","typography_font_size":{"unit":"px","size":21,"sizes":[]},"align":"left","typography_font_family":"Sarabun-regular","_margin":{"unit":"px","top":"0","right":"0","bottom":"0","left":"60","isLinked":false},"typography_line_height":{"unit":"em","size":1.1,"sizes":[]},"text_columns":"1","column_gap":{"unit":"px","size":0,"sizes":[]}},"elements":[],"isInner":false,"widgetType":"text-editor","elType":"widget"}],"isInner":false,"elType":"column"},{"id":"389e9465","settings":{"_column_size":20,"_inline_size":5.594},"elements":[],"isInner":false,"elType":"column"},{"id":"38945725","settings":{"_column_size":20,"_inline_size":34.761},"elements":[{"id":"1e1062f5","settings":{"space":{"unit":"px","size":63,"sizes":[]}},"elements":[],"isInner":false,"widgetType":"spacer","elType":"widget"},{"id":"5af583f7","settings":{"image":{"url":"https:\/\/materiotecaufma.com.br\/wp-content\/uploads\/2019\/12\/S\u00e3o-Raimundo.jpg","id":592},"link_to":"custom","link":{"url":"https:\/\/materiotecaufma.com.br\/guarima-sraimundo\/","is_external":"","nofollow":""}},"elements":[],"isInner":false,"widgetType":"image","elType":"widget"},{"id":"6ebb3df4","settings":{"space":{"unit":"px","size":63,"sizes":[]}},"elements":[],"isInner":false,"widgetType":"spacer","elType":"widget"}],"isInner":false,"elType":"column"},{"id":"66669c85","settings":{"_column_size":20,"_inline_size":34.425},"elements":[{"id":"2f388dcf","settings":{"space":{"unit":"px","size":63,"sizes":[]}},"elements":[],"isInner":false,"widgetType":"spacer","elType":"widget"},{"id":"5b4dba4","settings":{"image":{"url":"https:\/\/materiotecaufma.com.br\/wp-content\/uploads\/2020\/06\/local.png","id":2013},"link_to":"custom","link":{"url":"https:\/\/materiotecaufma.com.br\/guarima-taquaratiua\/","is_external":"","nofollow":""}},"elements":[],"isInner":false,"widgetType":"image","elType":"widget"},{"id":"13543ca","settings":{"space":{"unit":"px","size":63,"sizes":[]}},"elements":[],"isInner":false,"widgetType":"spacer","elType":"widget"}],"isInner":false,"elType":"column"},{"id":"1c783f02","settings":{"_column_size":20,"_inline_size":5.553},"elements":[],"isInner":false,"elType":"column"}],"isInner":false,"elType":"section"},{"id":"27f539a5","settings":{"layout":"full_width","structure":"20","margin":{"unit":"px","top":"-2","right":0,"bottom":"0","left":0,"isLinked":false}},"elements":[{"id":"9c1de6d","settings":{"_column_size":50,"_inline_size":19.551,"background_background":"classic","background_color":"#2E4721"},"elements":[{"id":"40143c95","settings":[],"elements":[],"isInner":false,"widgetType":"spacer","elType":"widget"}],"isInner":false,"elType":"column"},{"id":"7c51b749","settings":{"_column_size":50,"_inline_size":80.449,"background_background":"classic","background_image":{"url":"https:\/\/materiotecaufma.com.br\/wp-content\/uploads\/2019\/11\/Ativo-9-1.png","id":520},"background_position":"center center","background_size":"cover","margin":{"unit":"px","top":"0","right":"0","bottom":"0","left":"0","isLinked":true}},"elements":[{"id":"5963d706","settings":{"space":{"unit":"px","size":93,"sizes":[]},"_margin":{"unit":"px","top":"-4","right":"-4","bottom":"-4","left":"-4","isLinked":true}},"elements":[],"isInner":false,"widgetType":"spacer","elType":"widget"}],"isInner":false,"elType":"column"}],"isInner":false,"elType":"section"}],"page_settings":{"eael_ext_toc_title":"Table of Contents"},"version":"0.4","title":"Pagina_Guarima","type":"page"}