{"content":[{"id":"4b29887e","settings":{"layout":"full_width","structure":"20"},"elements":[{"id":"7d24d435","settings":{"_column_size":50,"_inline_size":19.645,"background_background":"classic","background_color":"#2E4721"},"elements":[{"id":"a2e7f19","settings":[],"elements":[],"isInner":false,"widgetType":"spacer","elType":"widget"}],"isInner":false,"elType":"column"},{"id":"408103e7","settings":{"_column_size":50,"_inline_size":80.355,"background_background":"classic","background_color":"#AB4209","background_image":{"url":"https:\/\/materiotecaufma.com.br\/wp-content\/uploads\/2019\/12\/Faixas-11-2.png","id":832},"background_size":"cover"},"elements":[{"id":"67d9a7d4","settings":{"space":{"unit":"px","size":106,"sizes":[]}},"elements":[],"isInner":false,"widgetType":"spacer","elType":"widget"}],"isInner":false,"elType":"column"}],"isInner":false,"elType":"section"},{"id":"15ac9aa7","settings":{"layout":"full_width","structure":"30","margin":{"unit":"px","top":"-2","right":0,"bottom":"0","left":0,"isLinked":false}},"elements":[{"id":"6fdf6076","settings":{"_column_size":33,"_inline_size":19.551,"background_background":"classic","background_color":"#2E4721","color_link":"#FFFFFF","color_link_hover":"#EDD500"},"elements":[{"id":"7f566880","settings":{"image":{"url":"http:\/\/localhost\/wordpress\/wp-content\/uploads\/2019\/11\/Ativo-5.png","id":510}},"elements":[],"isInner":false,"widgetType":"image","elType":"widget"},{"id":"44ffcc62","settings":{"editor":"<p><a href=\"https:\/\/materiotecaufma.com.br\/inicio\">In\u00edcio<\/a><\/p><p><a href=\"https:\/\/materiotecaufma.com.br\/materiais\/\">Materiais<\/a><\/p><p><a href=\"https:\/\/materiotecaufma.com.br\/processos\/\">Processos<\/a><\/p><p><a href=\"https:\/\/materiotecaufma.com.br\/sobre\/\">Sobre<\/a><\/p><p><a href=\"https:\/\/materiotecaufma.com.br\/contato\/\">Contatos<\/a><\/p>","text_color":"#ffffff","typography_typography":"custom","typography_font_size":{"unit":"px","size":21,"sizes":[]},"align":"left","typography_font_family":"Sarabun-regular","_margin":{"unit":"px","top":"0","right":"0","bottom":"0","left":"60","isLinked":false},"typography_line_height":{"unit":"em","size":1.1,"sizes":[]},"text_columns":"1","column_gap":{"unit":"px","size":0,"sizes":[]}},"elements":[],"isInner":false,"widgetType":"text-editor","elType":"widget"}],"isInner":false,"elType":"column"},{"id":"450a569f","settings":{"_column_size":33,"_inline_size":59.794},"elements":[{"id":"6999a4f2","settings":{"eael_adv_tabs_icon_show":"","eael_adv_tabs_tab":[{"eael_adv_tabs_tab_title":"Local","_id":"c674f41","eael_adv_tabs_tab_title_icon_new":{"value":"","library":""},"eael_adv_tabs_tab_title_image":{"url":"https:\/\/materiotecaufma.com.br\/wp-content\/plugins\/elementor\/assets\/images\/placeholder.png"},"eael_adv_tabs_tab_content":"<ul><li><a href=\"https:\/\/materiotecaufma.com.br\/santa-maria-alcantara\/\"><img class=\"alignright wp-image-1153 size-medium\" src=\"https:\/\/materiotecaufma.com.br\/wp-content\/uploads\/2020\/05\/Santa-Maria-Alc\u00e2ntara-240x300.jpg\" alt=\"\" width=\"240\" height=\"300\" \/><\/a>Santa Maria<\/li><\/ul><p>Localizado no munic\u00edpio de Alc\u00e2ntara \u2013 MA, Santa Maria \u00e9 um povoado remanescente de quilombo que tem como atividade principal a tecelagem com fibra de buriti. Contam os moradores locais que n\u00e3o se sabe dizer ao certo desde quando as fam\u00edlias come\u00e7aram a se estabelecer naquele territ\u00f3rio, tampouco quando seu nome surgiu, mas pelo que ouviam dos pais e av\u00f3s, calculam que isso aconteceu h\u00e1 mais de cem anos. A produ\u00e7\u00e3o artesanal acontece na Associa\u00e7\u00e3o de Artes\u00e3os de Santa Maria, espa\u00e7o constru\u00eddo pelos associados para que a produ\u00e7\u00e3o ocorra de forma mais organizada e coletiva.<\/p><p>[gallery size=\"medium\" link=\"file\" ids=\"1436,1434,1435\"]<\/p>"},{"eael_adv_tabs_tab_title":"Artes\u00e3(o)s","_id":"40e3603","eael_adv_tabs_tab_title_icon_new":{"value":"","library":""},"eael_adv_tabs_tab_title_image":{"url":"https:\/\/materiotecaufma.com.br\/wp-content\/plugins\/elementor\/assets\/images\/placeholder.png"},"eael_adv_tabs_tab_content":"<ul><li>Suely - (98) 99210-3508<\/li><li>Celeste - (98) 99110-0567<\/li><li>Marinalva - (98) 99133-3871<\/li><li>Roseli - (98) 99106-4668<\/li><li>Joci - (98) 991440639<\/li><li>Maria do Ros\u00e1rio<\/li><li>Rosa<\/li><li>Eliana<\/li><li>Eudielite<\/li><li>Delcimar<\/li><li>Ros\u00e2ngela<\/li><li>Raimunda (Mocinha)<\/li><li>Lucilene<\/li><li>Luzimar<\/li><li>Maria Alves<\/li><\/ul><p>[gallery columns=\"1\" size=\"large\" link=\"file\" ids=\"1437\"]<\/p>"},{"eael_adv_tabs_tab_title":"Materiais e Processos","_id":"ef44dcd","eael_adv_tabs_tab_title_icon_new":{"value":"","library":""},"eael_adv_tabs_tab_title_image":{"url":"https:\/\/materiotecaufma.com.br\/wp-content\/plugins\/elementor\/assets\/images\/placeholder.png"},"eael_adv_tabs_tab_content":"<p>O processo inicia-se com a identifica\u00e7\u00e3o das palmeiras de buriti. A extra\u00e7\u00e3o do olho do buriti \u00e9 feita de modo alternado: em um m\u00eas, retira-se o olho de uma palmeira. No pr\u00f3ximo m\u00eas, esta palmeira n\u00e3o ser\u00e1 mais utilizada. O pr\u00f3ximo olho s\u00f3 ser\u00e1 retirado quando um segundo j\u00e1 estiver brotando. E quando retirado, ele deve ser utilizado logo, pois ap\u00f3s tr\u00eas ou quatro dias, a palha fica seca. <br \/>J\u00e1 com o olho retirado, o linho, parte delgada e fibrosa, \u00e9 separada da parte externa da palha. Com a ajuda de uma faca d\u00e1-se um talho, riscando o come\u00e7o da fibra para poder separ\u00e1-la da borra. Com a fibra j\u00e1 separada, o linho \u00e9 puxado, at\u00e9 ser separado completamente.<br \/>A pr\u00f3xima etapa \u00e9 o cozimento, quando se necessita de um linho cru, da cor natural. J\u00e1 o tingimento, quando o produto exige linhos coloridos, feito com pigmentos naturais ou artificiais que s\u00e3o colocados no fogo junto com a \u00e1gua. Quando esta j\u00e1 estiver quente, coloca-se o linho, que estar\u00e1 previamente molhado. O tempo de cozimento varia de acordo com a tonalidade que quer se atingir. Depois o linho \u00e9 colocado no sol para secar. Ap\u00f3s secar, os linhos s\u00e3o separados e emendados para formar os novelos.<br \/>Feito os novelos, come\u00e7a a etapa no tear. O linho \u00e9 disposto no tear. O processo consiste em ir passando o fio entre as duas madeiras paralelas e horizontais, dando la\u00e7adas entre duas varetas que s\u00e3o afixadas sobre a madeira superior. \u00c0 medida que v\u00e3o dispondo o linho no tear, medem-no com a r\u00e9gua ou contam-se os fios, pois os padr\u00f5es de cor s\u00e3o matematicamente constru\u00eddos, com o objetivo de se obter simetria nas listras das pe\u00e7as. A pr\u00f3xima etapa \u00e9 o enli\u00e7amento feito com uma r\u00e9gua, uma vareta fina e o li\u00e7o, semelhante ao palito de madeira, t\u00e3o comprido quanto a pe\u00e7a que foi colocada no tear. Depois os fios s\u00e3o batidos de forma que eles fiquem bem prensados e compactados. Os fios s\u00e3o dispostos no tear e batidos com a ajuda de fac\u00e3o, instrumento de madeira bem delgado, tamb\u00e9m passado transversalmente \u00e0 pe\u00e7a. <br \/>O processo \u00e9 finalizado com o acabamento que se diferenciam de acordo com o produto. Nos jogos americanos, por exemplo, o acabamento consiste em cortar e separar as pe\u00e7as que comp\u00f5em o jogo. Nas sacolas, o processo encerram-se com a costura \u00e0 m\u00e1quina das laterais. Todas as pe\u00e7as finalizadas s\u00e3o selecionadas para comercializa\u00e7\u00e3o e entrega de encomendas.<\/p><p>[gallery size=\"large\" link=\"file\" columns=\"2\" ids=\"1269,1271,1272,1868\"]<\/p>"},{"eael_adv_tabs_tab_title_icon_new":{"value":"","library":""},"eael_adv_tabs_tab_title_image":{"url":"https:\/\/materiotecaufma.com.br\/wp-content\/plugins\/elementor\/assets\/images\/placeholder.png"},"eael_adv_tabs_tab_title":"Produtos","eael_adv_tabs_tab_content":"<p>[gallery size=\"large\" link=\"file\" columns=\"2\" ids=\"1439,1440,1442,1443,1444,1273\"]<\/p>","_id":"f3fc937"},{"eael_adv_tabs_tab_title_icon_new":{"value":"","library":""},"eael_adv_tabs_tab_title_image":{"url":"https:\/\/materiotecaufma.com.br\/wp-content\/plugins\/elementor\/assets\/images\/placeholder.png"},"eael_adv_tabs_tab_title":"Fontes","eael_adv_tabs_tab_content":"<a href=\"https:\/\/tedebc.ufma.br\/jspui\/handle\/tede\/2449\">Correspond\u00eancias por meio de ferramentas de design: artesanato e empoderamento (ou aprisionamento?)<\/a><h6>Raiama Lima Portela<\/h6>\n<a href=\"https:\/\/www.researchgate.net\/publication\/341831906_Identidade_e_valor_as_cadeias_produtivas_do_artesanato_de_Alcantara_-_MA\"> Identidade \u00e9 valor: as cadeias produtivas do artesanato de Alc\u00e2ntara.<\/a>\n<h6>Raquel Noronha<\/h6>\n<a href=\"https:\/\/www.researchgate.net\/publication\/339395204_Olhar_tocar_e_trocar_ferramenta_em_correspondencia\">Olhar, tocar e trocar: uma ferramenta em correspond\u00eancia<\/a>\n<h6>Raiama Portela; Raquel Noronha<\/h6>\n<a href=\"http:\/\/www.proceedings.blucher.com.br\/article-details\/28142\"> Design, g\u00eanero e metaprojeto: a constru\u00e7\u00e3o de uma ferramenta para fotoelicita\u00e7\u00e3o em uma comunidade artes\u00e3<\/a>\n<h6>Raiama Lima Portela; Raquel Gomes Noronha; Mariana Gomes L\u00facio de Ara\u00fajo; Camila de P\u00e1dua Aboud; Frank Willian Souza;<\/h6>\n<a href=\"https:\/\/www.researchgate.net\/publication\/341193601_LIVRO-ISBN-DEF-artesanatonoMA\"> Artesanato &amp; Design: a troca e a coopera\u00e7\u00e3o no caso da fibra de buriti no Maranh\u00e3o<\/a>\n<h6>Joana Golin Alves<\/h6>","_id":"7489782"}],"eael_adv_tabs_tab_title_typography_typography":"custom","eael_adv_tabs_tab_title_typography_font_family":"Sarabum-Medium","eael_adv_tabs_tab_title_typography_font_size":{"unit":"px","size":16,"sizes":[]},"eael_adv_tabs_tab_title_typography_font_weight":"700","eael_adv_tabs_tab_color":"#FFFFFF","eael_adv_tabs_tab_text_color":"#54595F","eael_adv_tabs_tab_border_width":{"unit":"px","top":"1","right":"1","bottom":"1","left":"1","isLinked":true},"eael_adv_tabs_tab_color_hover":"rgba(248, 248, 248, 0)","eael_adv_tabs_tab_text_color_hover":"#AB4209","eael_adv_tabs_tab_color_active":"rgba(248, 248, 248, 0)","eael_adv_tabs_tab_text_color_active":"#AB4209","eael_adv_tabs_tab_border_active_border":"solid","eael_adv_tabs_tab_border_active_width":{"unit":"px","top":"1","right":"1","bottom":"1","left":"1","isLinked":true},"eael_adv_tabs_tab_border_active_color":"#C7C7C7","adv_tabs_content_text_color":"#333333","eael_adv_tabs_content_typography_typography":"custom","eael_adv_tabs_content_typography_font_family":"Sarabum-Medium","eael_adv_tabs_content_typography_font_size":{"unit":"px","size":16,"sizes":[]},"eael_adv_tabs_content_typography_font_weight":"500","eael_adv_tabs_content_border_border":"solid","eael_adv_tabs_content_border_width":{"unit":"px","top":"1","right":"1","bottom":"1","left":"1","isLinked":true},"eael_adv_tabs_content_border_color":"#C7C7C7","eael_adv_tabs_tab_caret_show":"","eael_adv_tabs_tab_caret_size":{"unit":"px","size":9,"sizes":[]}},"elements":[],"isInner":false,"widgetType":"eael-adv-tabs","elType":"widget"},{"id":"74ebf47c","settings":{"space":{"unit":"px","size":10,"sizes":[]}},"elements":[],"isInner":false,"widgetType":"spacer","elType":"widget"}],"isInner":false,"elType":"column"},{"id":"28130f76","settings":{"_column_size":33,"_inline_size":19.98},"elements":[],"isInner":false,"elType":"column"}],"isInner":false,"elType":"section"},{"id":"7e5546de","settings":{"layout":"full_width","structure":"20","margin":{"unit":"px","top":"-2","right":0,"bottom":"0","left":0,"isLinked":false}},"elements":[{"id":"20650451","settings":{"_column_size":50,"_inline_size":19.551,"background_background":"classic","background_color":"#2E4721"},"elements":[{"id":"1e802f19","settings":[],"elements":[],"isInner":false,"widgetType":"spacer","elType":"widget"}],"isInner":false,"elType":"column"},{"id":"39f8a62b","settings":{"_column_size":50,"_inline_size":80.449,"background_background":"classic","background_position":"center center","background_size":"cover","margin":{"unit":"px","top":"0","right":"0","bottom":"0","left":"0","isLinked":true}},"elements":[{"id":"591408db","settings":{"space":{"unit":"px","size":70,"sizes":[]},"_margin":{"unit":"px","top":"-4","right":"-4","bottom":"-4","left":"-4","isLinked":true}},"elements":[],"isInner":false,"widgetType":"spacer","elType":"widget"}],"isInner":false,"elType":"column"}],"isInner":false,"elType":"section"},{"id":"5193851a","settings":{"layout":"full_width","structure":"20","margin":{"unit":"px","top":"-2","right":0,"bottom":"0","left":0,"isLinked":false}},"elements":[{"id":"2dcf6fb7","settings":{"_column_size":50,"_inline_size":19.551,"background_background":"classic","background_color":"#2E4721"},"elements":[{"id":"1f83e56d","settings":[],"elements":[],"isInner":false,"widgetType":"spacer","elType":"widget"}],"isInner":false,"elType":"column"},{"id":"5b5dcd9b","settings":{"_column_size":50,"_inline_size":80.449,"background_background":"classic","background_image":{"url":"https:\/\/materiotecaufma.com.br\/wp-content\/uploads\/2019\/11\/Ativo-9-1.png","id":520},"background_position":"center center","background_size":"cover","margin":{"unit":"px","top":"0","right":"0","bottom":"0","left":"0","isLinked":true}},"elements":[{"id":"2e3bb79e","settings":{"space":{"unit":"px","size":94,"sizes":[]},"_margin":{"unit":"px","top":"-4","right":"-4","bottom":"-4","left":"-4","isLinked":true}},"elements":[],"isInner":false,"widgetType":"spacer","elType":"widget"}],"isInner":false,"elType":"column"}],"isInner":false,"elType":"section"}],"page_settings":{"eael_ext_toc_title":"Table of Contents"},"version":"0.4","title":"Pagina_Fibra_Buriti","type":"page"}