{"content":[{"id":"7ccbed66","settings":{"layout":"full_width","structure":"20"},"elements":[{"id":"743e037e","settings":{"_column_size":50,"_inline_size":19.645,"background_background":"classic","background_color":"#2E4721"},"elements":[{"id":"3f64b317","settings":[],"elements":[],"isInner":false,"widgetType":"spacer","elType":"widget"}],"isInner":false,"elType":"column"},{"id":"35ac9706","settings":{"_column_size":50,"_inline_size":80.355,"background_background":"classic","background_color":"#AB4209","background_image":{"url":"https:\/\/materiotecaufma.com.br\/wp-content\/uploads\/2019\/12\/Faixas-15.png","id":730},"background_size":"cover"},"elements":[{"id":"7d61e63e","settings":{"space":{"unit":"px","size":107,"sizes":[]}},"elements":[],"isInner":false,"widgetType":"spacer","elType":"widget"}],"isInner":false,"elType":"column"}],"isInner":false,"elType":"section"},{"id":"20311a52","settings":{"layout":"full_width","structure":"30","margin":{"unit":"px","top":"-2","right":0,"bottom":"0","left":0,"isLinked":false}},"elements":[{"id":"63b90203","settings":{"_column_size":33,"_inline_size":19.551,"background_background":"classic","background_color":"#2E4721","color_link":"#FFFFFF","color_link_hover":"#EDD500"},"elements":[{"id":"62a7815d","settings":{"image":{"url":"http:\/\/localhost\/wordpress\/wp-content\/uploads\/2019\/11\/Ativo-5.png","id":510}},"elements":[],"isInner":false,"widgetType":"image","elType":"widget"},{"id":"70300fdc","settings":{"editor":"<p><a href=\"https:\/\/materiotecaufma.com.br\/inicio\">In\u00edcio<\/a><\/p><p><a href=\"https:\/\/materiotecaufma.com.br\/materiais\/\">Materiais<\/a><\/p><p><a href=\"https:\/\/materiotecaufma.com.br\/processos\/\">Processos<\/a><\/p><p><a href=\"https:\/\/materiotecaufma.com.br\/sobre\/\">Sobre<\/a><\/p><p><a href=\"https:\/\/materiotecaufma.com.br\/contato\/\">Contatos<\/a><\/p>","text_color":"#ffffff","typography_typography":"custom","typography_font_size":{"unit":"px","size":21,"sizes":[]},"align":"left","typography_font_family":"Sarabun-regular","_margin":{"unit":"px","top":"0","right":"0","bottom":"0","left":"60","isLinked":false},"typography_line_height":{"unit":"em","size":1.1,"sizes":[]},"text_columns":"1","column_gap":{"unit":"px","size":0,"sizes":[]}},"elements":[],"isInner":false,"widgetType":"text-editor","elType":"widget"}],"isInner":false,"elType":"column"},{"id":"522740f8","settings":{"_column_size":33,"_inline_size":46.024},"elements":[{"id":"58b50b7a","settings":{"space":{"unit":"px","size":10,"sizes":[]}},"elements":[],"isInner":false,"widgetType":"spacer","elType":"widget"},{"id":"4c6198cc","settings":{"editor":"<p><strong>Quer contribuir com nosso acervo? <\/strong><\/p><p>Mande-nos um email com o resumo do seu trabalho e o arquivo em pdf.<\/p><p><strong>Tem d\u00favidas ou gostaria de nos dar um feedback? <\/strong><\/p><p>Entre em contato com a gente pelo email ou Instagram.<\/p>","text_color":"rgba(0,0,0,0.81)","typography_typography":"custom","typography_font_family":"Sarabum-Medium","typography_font_size":{"unit":"px","size":20,"sizes":[]},"_margin":{"unit":"px","top":"-3","right":"0","bottom":"0","left":"25","isLinked":false},"typography_line_height":{"unit":"em","size":1.8,"sizes":[]},"typography_letter_spacing":{"unit":"px","size":0,"sizes":[]},"column_gap":{"unit":"px","size":0,"sizes":[]}},"elements":[],"isInner":false,"widgetType":"text-editor","elType":"widget"},{"id":"6c9ed8ad","settings":{"structure":"30"},"elements":[{"id":"2dd64378","settings":{"_column_size":33,"_inline_size":null},"elements":[{"id":"969724","settings":{"contact_form_list":"1028","eael_contact_form_background_background":"classic","eael_contact_form_background_color":"#FFFFFF","eael_contact_form_max_width":{"unit":"px","size":329,"sizes":[]},"eael_contact_form_margin":{"unit":"px","top":"3","right":"3","bottom":"3","left":"3","isLinked":true},"eael_contact_form_padding":{"unit":"px","top":"9","right":"9","bottom":"9","left":"9","isLinked":true},"title_typography_typography":"custom","title_typography_font_family":"Bree Serif","description_text_color":"#000000","description_typography_typography":"custom","description_typography_font_family":"Bree Serif","field_text_color":"#A54D00","field_padding":{"unit":"px","top":"24","right":"24","bottom":"24","left":"24","isLinked":true},"text_indent":{"unit":"px","size":15,"sizes":[]},"input_width":{"unit":"px","size":471,"sizes":[]},"textarea_width":{"unit":"px","size":224,"sizes":[]},"field_typography_typography":"custom","field_typography_font_family":"Sarabum-Medium","field_typography_font_size":{"unit":"px","size":16,"sizes":[]},"text_color_label":"#180505","typography_label_typography":"custom","typography_label_font_family":"Bree Serif","button_align":"center","button_bg_color_normal":"#A54D00","button_typography_typography":"custom","button_typography_font_family":"Sarabum-Medium","_margin":{"unit":"px","top":"0","right":"0","bottom":"0","left":"25","isLinked":false},"_margin_mobile":{"unit":"px","top":"0","right":"0","bottom":"0","left":"-2","isLinked":false},"eael_contact_form_background_attachment":"scroll","eael_contact_form_background_repeat":"no-repeat","eael_contact_form_background_size":"cover","eael_contact_form_alignment":"center","heading_alignment":"center","title_text_color":"#000000","field_bg":"#FFFFFF","field_bg_focus":"#FAFFE9","typography_placeholder_typography":"custom","typography_placeholder_font_family":"Bree Serif","field_typography_line_height":{"unit":"em","size":0.1,"sizes":[]},"label_spacing":{"unit":"px","size":0,"sizes":[]}},"elements":[],"isInner":false,"widgetType":"eael-contact-form-7","elType":"widget"}],"isInner":true,"elType":"column"},{"id":"a6dd4ea","settings":{"_column_size":33,"_inline_size":51.55},"elements":[{"id":"414a77a","settings":{"space":{"unit":"px","size":319,"sizes":[]}},"elements":[],"isInner":false,"widgetType":"spacer","elType":"widget"}],"isInner":true,"elType":"column"},{"id":"34756730","settings":{"_column_size":33,"_inline_size":14.678},"elements":[{"id":"23b3f892","settings":{"space":{"unit":"px","size":47,"sizes":[]}},"elements":[],"isInner":false,"widgetType":"spacer","elType":"widget"}],"isInner":true,"elType":"column"}],"isInner":true,"elType":"section"},{"id":"7a19a0b5","settings":[],"elements":[{"id":"7dc27f17","settings":{"_column_size":100,"_inline_size":null},"elements":[],"isInner":true,"elType":"column"}],"isInner":true,"elType":"section"}],"isInner":false,"elType":"column"},{"id":"25aa22ef","settings":{"_column_size":33,"_inline_size":34.091},"elements":[{"id":"67390f0b","settings":{"space":{"unit":"px","size":22,"sizes":[]},"space_mobile":{"unit":"px","size":28,"sizes":[]}},"elements":[],"isInner":false,"widgetType":"spacer","elType":"widget"},{"id":"10629c14","settings":{"image":{"url":"https:\/\/materiotecaufma.com.br\/wp-content\/uploads\/2020\/06\/PHOTO-2019-09-06-13-17-45.jpg","id":1587}},"elements":[],"isInner":false,"widgetType":"image","elType":"widget"},{"id":"1bf2887a","settings":{"selected_icon":{"value":"fab fa-instagram","library":"fa-brands"},"link":{"url":"http:\/\/instagram.com\/nidaufma","is_external":"","nofollow":"","custom_attributes":""},"primary_color":"#508D68","size":{"unit":"px","size":78,"sizes":[]}},"elements":[],"isInner":false,"widgetType":"icon","elType":"widget"},{"id":"20c64c9d","settings":[],"elements":[],"isInner":false,"widgetType":"spacer","elType":"widget"},{"id":"556eea3f","settings":{"space":{"unit":"px","size":193,"sizes":[]}},"elements":[],"isInner":false,"widgetType":"spacer","elType":"widget"}],"isInner":false,"elType":"column"}],"isInner":false,"elType":"section"},{"id":"54b92ea9","settings":{"layout":"full_width","structure":"20","margin":{"unit":"px","top":"-2","right":0,"bottom":"0","left":0,"isLinked":false}},"elements":[{"id":"327b12a5","settings":{"_column_size":50,"_inline_size":19.551,"background_background":"classic","background_color":"#2E4721"},"elements":[{"id":"1903b42","settings":[],"elements":[],"isInner":false,"widgetType":"spacer","elType":"widget"}],"isInner":false,"elType":"column"},{"id":"48ffac84","settings":{"_column_size":50,"_inline_size":80.449,"background_background":"classic","background_image":{"url":"https:\/\/materiotecaufma.com.br\/wp-content\/uploads\/2019\/11\/Ativo-9-1.png","id":520},"background_position":"center center","background_size":"cover","margin":{"unit":"px","top":"0","right":"0","bottom":"0","left":"0","isLinked":true}},"elements":[{"id":"3c7ff231","settings":{"space":{"unit":"px","size":79,"sizes":[]},"_margin":{"unit":"px","top":"-4","right":"-4","bottom":"-4","left":"-4","isLinked":true}},"elements":[],"isInner":false,"widgetType":"spacer","elType":"widget"}],"isInner":false,"elType":"column"}],"isInner":false,"elType":"section"}],"page_settings":{"eael_ext_toc_title":"Table of Contents"},"version":"0.4","title":"Pagina_Contatos","type":"page"}