{"content":[{"id":"390217be","settings":{"layout":"full_width","structure":"20"},"elements":[{"id":"3927cad7","settings":{"_column_size":50,"_inline_size":19.645,"background_background":"classic","background_color":"#2E4721"},"elements":[{"id":"59d0a745","settings":[],"elements":[],"isInner":false,"widgetType":"spacer","elType":"widget"}],"isInner":false,"elType":"column"},{"id":"1e17983c","settings":{"_column_size":50,"_inline_size":80.355,"background_background":"classic","background_color":"#AB4209","background_image":{"url":"https:\/\/materiotecaufma.com.br\/wp-content\/uploads\/2019\/12\/Faixas-10.png","id":641},"background_size":"cover"},"elements":[{"id":"5896c290","settings":{"space":{"unit":"px","size":107,"sizes":[]}},"elements":[],"isInner":false,"widgetType":"spacer","elType":"widget"}],"isInner":false,"elType":"column"}],"isInner":false,"elType":"section"},{"id":"28fbff74","settings":{"layout":"full_width","structure":"50","heading_color":"#FFFFFF","color_text":"#FFFFFF","color_link":"#FFFFFF","color_link_hover":"#EDD500","margin":{"unit":"px","top":"-2","right":0,"bottom":"0","left":0,"isLinked":false}},"elements":[{"id":"57f047fd","settings":{"_column_size":20,"_inline_size":19.645,"background_background":"classic","background_color":"#2E4721"},"elements":[{"id":"678f04cf","settings":{"image":{"url":"http:\/\/localhost\/wordpress\/wp-content\/uploads\/2019\/11\/Ativo-5.png","id":510}},"elements":[],"isInner":false,"widgetType":"image","elType":"widget"},{"id":"2bdff238","settings":{"editor":"<p><a href=\"https:\/\/materiotecaufma.com.br\/inicio\">In\u00edcio<\/a><\/p><p><a href=\"https:\/\/materiotecaufma.com.br\/materiais\/\">Materiais<\/a><\/p><p><a href=\"https:\/\/materiotecaufma.com.br\/processos\/\">Processos<\/a><\/p><p><a href=\"https:\/\/materiotecaufma.com.br\/sobre\/\">Sobre<\/a><\/p><p><a href=\"https:\/\/materiotecaufma.com.br\/contato\/\">Contatos<\/a><\/p>","text_color":"#ffffff","typography_typography":"custom","typography_font_size":{"unit":"px","size":21,"sizes":[]},"align":"left","typography_font_family":"Sarabun-regular","_margin":{"unit":"px","top":"0","right":"0","bottom":"0","left":"60","isLinked":false},"typography_line_height":{"unit":"em","size":1.1,"sizes":[]},"text_columns":"1","column_gap":{"unit":"px","size":0,"sizes":[]}},"elements":[],"isInner":false,"widgetType":"text-editor","elType":"widget"}],"isInner":false,"elType":"column"},{"id":"5d547e69","settings":{"_column_size":20,"_inline_size":5.594},"elements":[],"isInner":false,"elType":"column"},{"id":"5a1378b","settings":{"_column_size":20,"_inline_size":34.761},"elements":[{"id":"5513ce22","settings":{"space":{"unit":"px","size":63,"sizes":[]}},"elements":[],"isInner":false,"widgetType":"spacer","elType":"widget"},{"id":"69a49b2b","settings":{"image":{"url":"https:\/\/materiotecaufma.com.br\/wp-content\/uploads\/2019\/12\/Itamatatiua.jpg","id":657},"link_to":"custom","link":{"url":"https:\/\/materiotecaufma.com.br\/itamatatiua\/","is_external":"","nofollow":""}},"elements":[],"isInner":false,"widgetType":"image","elType":"widget"},{"id":"3c8e01e5","settings":{"space":{"unit":"px","size":63,"sizes":[]}},"elements":[],"isInner":false,"widgetType":"spacer","elType":"widget"}],"isInner":false,"elType":"column"},{"id":"4181dad6","settings":{"_column_size":20,"_inline_size":34.425},"elements":[{"id":"10230827","settings":{"space":{"unit":"px","size":63,"sizes":[]}},"elements":[],"isInner":false,"widgetType":"spacer","elType":"widget"},{"id":"7ceccc46","settings":{"image":{"url":"https:\/\/materiotecaufma.com.br\/wp-content\/uploads\/2019\/12\/Porto-dos-Nascimentos.jpg","id":658},"link_to":"custom","link":{"url":"https:\/\/materiotecaufma.com.br\/portos-nascimento\/","is_external":"","nofollow":""}},"elements":[],"isInner":false,"widgetType":"image","elType":"widget"},{"id":"6a188b34","settings":{"space":{"unit":"px","size":63,"sizes":[]}},"elements":[],"isInner":false,"widgetType":"spacer","elType":"widget"}],"isInner":false,"elType":"column"},{"id":"676f7dad","settings":{"_column_size":20,"_inline_size":5.553},"elements":[],"isInner":false,"elType":"column"}],"isInner":false,"elType":"section"},{"id":"6b965ace","settings":{"layout":"full_width","structure":"20","margin":{"unit":"px","top":"-2","right":0,"bottom":"0","left":0,"isLinked":false}},"elements":[{"id":"6f12d386","settings":{"_column_size":50,"_inline_size":19.551,"background_background":"classic","background_color":"#2E4721"},"elements":[{"id":"5383bf75","settings":[],"elements":[],"isInner":false,"widgetType":"spacer","elType":"widget"}],"isInner":false,"elType":"column"},{"id":"194f6091","settings":{"_column_size":50,"_inline_size":80.449,"background_background":"classic","background_image":{"url":"https:\/\/materiotecaufma.com.br\/wp-content\/uploads\/2019\/11\/Ativo-9-1.png","id":520},"background_position":"center center","background_size":"cover","margin":{"unit":"px","top":"0","right":"0","bottom":"0","left":"0","isLinked":true}},"elements":[{"id":"3785c8","settings":{"space":{"unit":"px","size":80,"sizes":[]},"_margin":{"unit":"px","top":"-4","right":"-4","bottom":"-4","left":"-4","isLinked":true}},"elements":[],"isInner":false,"widgetType":"spacer","elType":"widget"}],"isInner":false,"elType":"column"}],"isInner":false,"elType":"section"}],"page_settings":[],"version":"0.4","title":"Pagina_Ceramica","type":"page"}