{"content":[{"id":"3964dd57","settings":{"layout":"full_width","structure":"20"},"elements":[{"id":"7322c471","settings":{"_column_size":50,"_inline_size":19.645,"background_background":"classic","background_color":"#2E4721"},"elements":[{"id":"638bd872","settings":[],"elements":[],"isInner":false,"widgetType":"spacer","elType":"widget"}],"isInner":false,"elType":"column"},{"id":"7cdfba4b","settings":{"_column_size":50,"_inline_size":80.355,"background_background":"classic","background_color":"#AB4209","background_image":{"url":"https:\/\/materiotecaufma.com.br\/wp-content\/uploads\/2019\/12\/Faixas-22.png","id":718},"background_size":"cover"},"elements":[{"id":"e620f8b","settings":{"space":{"unit":"px","size":106,"sizes":[]}},"elements":[],"isInner":false,"widgetType":"spacer","elType":"widget"}],"isInner":false,"elType":"column"}],"isInner":false,"elType":"section"},{"id":"7497f1fc","settings":{"layout":"full_width","structure":"30","margin":{"unit":"px","top":"-2","right":0,"bottom":"0","left":0,"isLinked":false}},"elements":[{"id":"52014362","settings":{"_column_size":33,"_inline_size":19.645,"background_background":"classic","background_color":"#2E4721","color_link":"#FFFFFF","color_link_hover":"#EDD500"},"elements":[{"id":"524f8b0b","settings":{"image":{"url":"http:\/\/localhost\/wordpress\/wp-content\/uploads\/2019\/11\/Ativo-5.png","id":510}},"elements":[],"isInner":false,"widgetType":"image","elType":"widget"},{"id":"3c8e8ffb","settings":{"editor":"<p><a href=\"https:\/\/materiotecaufma.com.br\/inicio\">In\u00edcio<\/a><\/p><p><a href=\"https:\/\/materiotecaufma.com.br\/materiais\/\">Materiais<\/a><\/p><p><a href=\"https:\/\/materiotecaufma.com.br\/processos\/\">Processos<\/a><\/p><p><a href=\"https:\/\/materiotecaufma.com.br\/sobre\/\">Sobre<\/a><\/p><p><a href=\"https:\/\/materiotecaufma.com.br\/contato\/\">Contatos<\/a><\/p>","text_color":"#ffffff","typography_typography":"custom","typography_font_size":{"unit":"px","size":21,"sizes":[]},"align":"left","typography_font_family":"Sarabun-regular","_margin":{"unit":"px","top":"0","right":"0","bottom":"0","left":"60","isLinked":false},"typography_line_height":{"unit":"em","size":1.1,"sizes":[]},"text_columns":"1","column_gap":{"unit":"px","size":0,"sizes":[]}},"elements":[],"isInner":false,"widgetType":"text-editor","elType":"widget"}],"isInner":false,"elType":"column"},{"id":"61ec3bc7","settings":{"_column_size":33,"_inline_size":59.606},"elements":[{"id":"f926822","settings":{"tabs":[{"tab_title":"Local","tab_content":"<ul><li>Matinha<\/li><\/ul><p><img class=\"size-medium wp-image-1150 alignright\" src=\"https:\/\/materiotecaufma.com.br\/wp-content\/uploads\/2020\/05\/Matinha-240x300.jpg\" alt=\"\" width=\"240\" height=\"300\" \/><\/p><p>Matinha \u00e9 um munic\u00edpio localizado a 237 km de S\u00e3o Lu\u00eds, na regi\u00e3o dos lagos da BAixada Maranhense. A regi\u00e3o foi ocupada por grandes fazendas de a\u00e7\u00facar e mandioca. Esses propriet\u00e1rios se fizeram acompanhar de um elevado n\u00famero de escravos que contribu\u00edram decisivamente para o desbravamento do territ\u00f3rio. Ao longo do tempo, diversas comunidades extrativistas e quilombolas se estabeleceram na regi\u00e3o. \u00c9 tradicional o festejo junino e o encontro dos grupos de Bumba meu Boi do sotaque de Pindar\u00e9 (ou Baixada) na noite de 26 de junho, perdurando h\u00e1 mais de quarenta anos. O munic\u00edpio destaca-se pela produ\u00e7\u00e3o artesanal de caretas de Cazumb\u00e1 ou Cazumba, como os brincantes se identificam. <\/p><p>[gallery link=\"file\" size=\"medium\" ids=\"1760,1761,1762\"]<\/p>","_id":"6b9fc85"},{"tab_title":"Artes\u00e3(o)s","tab_content":"<p><strong>Euzimar (Zimar)<\/strong><\/p><p>Faz caretas h\u00e1 vinte anos e afirma que aprendeu tudo sozinho. \u00c9 brincante do Boi Flor de Matinha, onde brinca como cazumb\u00e1 ou \u201ccazumba\u201d.<br \/>Anteriormente suas caretas, tamb\u00e9m denominadas queixos, eram feitas de madeira, costumava usar jequitib\u00e1 ou papara\u00faba como mat\u00e9ria-prima, por\u00e9m, em decorr\u00eancia de um AVC, essa extra\u00e7\u00e3o e manipula\u00e7\u00e3o tornaram-se de dif\u00edcil realiza\u00e7\u00e3o.<\/p><p>Hoje, utiliza capacetes de motos e panelas quebrados, encontrados em lix\u00f5es, doados ou vendidos para moldar as caretas. Al\u00e9m desses materiais, tamb\u00e9m utiliza h\u00e9lices de ventilador, escova de dente, garrafas pet; assim por meio destes \u00faltimos para criando as partes do rosto. Desta forma, suas pe\u00e7as se conformam de materiais reutilizados que respondem conforme a sua criatividade. Zimar conta que sua principal inspira\u00e7\u00e3o vem dos sonhos, enquanto dorme, e das figuras que percebe em manchas causadas pela umidade nas paredes de sua casa. Ressalta que uma careta precisa, acima de tudo, de ter uma apar\u00eancia \u201cmuito feia\u201d e monstruosa.<\/p><p><strong>Nico\u00a0<\/strong><br \/>Vive em Viana, munic\u00edpio vizinho. Faz caretas desde os doze anos, era brincante como cazumb\u00e1 no Boi Urubu, de Viana. Atualmente, s\u00f3 produz caretas esculpidas em madeira, sob encomenda.<\/p><p>Artes\u00e3os que deixaram de produzir caretas: C\u00f4co Nascimento e Z\u00e9 de Dem\u00e9trio<\/p><p>[gallery size=\"medium\" link=\"file\" ids=\"1756,1758,1757\"]<\/p><p><strong>Contato<\/strong><\/p><p>(98) 98743-6461 (Zimar)<\/p>","_id":"e06bafc"},{"tab_title":"Materiais e Processos","tab_content":"<h4>Processo produtivo de Zimar<\/h4><p>Materiais: Capacetes, peruca de carnaval, panelas, paletas de ventilador, escovas de dente, pratos de alum\u00ednio, enfeites de \u00e1rvores de Natal, garrafa PET, fibra de coco, etc.<\/p><p>1\u00aa etapa: Acontece a coleta de materiais descartados que ser\u00e3o reutilizados pelo artes\u00e3o.<\/p><p>2\u00aa etapa: Inicialmente, ocorre a queima do capacete ou panela no fog\u00e3o, deixando que as chamas moldem o pl\u00e1stico e criem furos e texturas. Depois, com um pano, d\u00e1 vida \u00e0 careta ao moldar deforma\u00e7\u00f5es nas suas fei\u00e7\u00f5es, modificando assim a textura de lisa para rugosa (tipo escamas). Tamb\u00e9m utiliza o isopor de isolamento dos capacetes para algumas caretas.<\/p><p>3\u00aa etapa: Em seguida, continua com a etapa de separa\u00e7\u00e3o entre o \u201ccr\u00e2nio\u201d e a mand\u00edbula inferior. Assim, o capacete \u00e9 cortado com uma serra. Zimar destaca uma forma de meia-lua, que se tornar\u00e1 a mand\u00edbula, sendo esta articulada por um mecanismo de pinos e el\u00e1sticos. Em seguida, marca o recorte de um zigue-zague com um ferro pontiagudo e inicia o corte dos dentes, na parte inferior do cr\u00e2nio e na parte superior da mand\u00edbula. Ent\u00e3o, raspa a tinta preta do capacete, para que os dentes fiquem brancos. Neste ponto, monta o sistema de articulac\u0327a\u0303o do queixo, com eixos meta\u0301licos, furando as pec\u0327as pla\u0301sticas e criando a estrutura articulada com ela\u0301sticos. Depois, vai \u201ccariar\u201d os dentes, deixa\u0301-los podres, com nova inserc\u0327a\u0303o do pla\u0301stico no foga\u0303o.<\/p><p>4\u00aa etapa: A pro\u0301xima etapa e\u0301 escolher as orelhas. Pode faze\u0302-las de tecido, com paletas de ventiladores, recortes de garrafa PET ou pastas de pla\u0301stico. Queima a base de cada uma no foga\u0303o para estas se adaptarem na superficie da \u201ccabe\u00e7a\u201d, anteriormente feita. Ele, ent\u00e3o, perfura ambas as pec\u0327as e as fixa com arame. Em seguida, escolhe o nariz, utilizando um pedac\u0327o da parte pla\u0301stica de uma vassoura velha e inicia o mesmo processo de modelagem a fogo e a fixac\u0327a\u0303o com arame.<\/p><p>5\u00aa etapa: Inicia-se, a etapa de acabamento, com cola branca e po\u0301 de serragem. Primeiramente, raspa toda a careta com uma faca para criar adere\u0302ncia no pla\u0301stico. <br \/>Logo, passa a mistura de cola e serragem, cobrindo as amarrac\u0327o\u0303es de arame, os pinos da articulac\u0327a\u0303o e criando uma textura homoge\u0302nea sem cobrir, contudo, as texturas criadas pelo fogo, desejadas pelo artesa\u0303o. Desta forma, o artes\u00e3o tamb\u00e9m vai criando relevos na face, na regia\u0303o da sobrancelha, rugas na testa e alongamento do queixo. Neste momento, aproveita a massa com cola e insere p\u00ealos no rosto \u2013 sobrancelhas, ci\u0301lios, barba ou cavanhaque, bigode \u2013 com va\u0301rios materiais, como fibra de coco, ra\u0301fias sinte\u0301ticas de peruca de carnaval, arames, e quaisquer outros materiais que estejam disponi\u0301veis para o artesa\u0303o.<\/p><p>6\u00aa etapa: Depois, inicia-se a pintura, em toda a superfi\u0301cie da careta, com a cor do ser representado, destacando o la\u0301bio em vermelho e as olheiras bem marcadas.<\/p><p>7\u00aa etapa: A u\u0301ltima fase do trabalho consiste em prender um chape\u0301u de palha sem as abas na parte traseira, para que se possa vestir a careta na cabec\u0327a. O chape\u0301u de palha e\u0301 recortado, para que este sirva como parte traseira da careta. Apo\u0301s a fixac\u0327a\u0303o, com furos e arame, o cabelo e\u0301 costurado, com linha e agulha. Esta cabeleira pode ser tambe\u0301m de palha de coco, de perucas carnavalescas disponi\u0301veis no mercado, de cores variadas.<\/p><h4>Processo de Nico<\/h4><p>Materiais: Madeira de Papara\u00faba, considerado o melhor material, por ser macio.<\/p><p>Seu processo criativo \u00e9 feito atrav\u00e9s de seu estilo pessoal, em que ele comenta n\u00e3o copiar ningu\u00e9m, apenas vai cortando com form\u00e3o\/goifa e raspando at\u00e9 surgir a forma desejada. Ap\u00f3s o entalhe, o artes\u00e3o fixa o chap\u00e9u de palha na madeira, com pregos. Depois, coloca a crina, com r\u00e1fia met\u00e1lica e faz a pintura do queixo.<\/p><p>[gallery size=\"medium\" link=\"file\" ids=\"1736,1737,1738,1739,1740,1741,1742,1743,1744,1745\"]<\/p>","_id":"c5dc05e"},{"tab_title":"Produtos","tab_content":"<p>Caretas de cazumb\u00e1.<\/p><p>[gallery size=\"medium\" link=\"file\" ids=\"1747,1748,1749,1750,1751,1752\"]<\/p><p>[gallery size=\"large\" columns=\"2\" link=\"file\" ids=\"1956,1957\"]<\/p>","_id":"052886e"},{"tab_title":"Fontes","tab_content":"<p><a href=\"https:\/\/www.researchgate.net\/publication\/327867736_CIRANDAS_DE_SABERES_percursos_cartograficos_e_praticas_artesanais_em_Alcantara_e_na_Baixada_Maranhense\">Ciranda de Saberes: percursos cartogr\u00e1ficos e pr\u00e1ticas artesanais em Alc\u00e2ntara e na Baixada Maranhense. <\/a><\/p><h6>Raquel Noronha; Andr\u00e9a Katiane Costa; Gisele Saraiva; M\u00e1rcio Guimar\u00e3es; Raiama Portela<\/h6><p><a href=\"https:\/\/www.researchgate.net\/publication\/338466365_Aprendiendo_con_los_materialesencuentro_de_disenadoras_y_artesanos_por_medio_de_correspondencias\">Aprendiendo con los materiales: encuentro de dise\u00f1adoras y artesanos por medio de correspond\u00eancias<\/a><\/p><h6>Raquel Noronha; Gloriana Solis<\/h6><p><a href=\"https:\/\/www.researchgate.net\/publication\/344446077_CARETAS_E_MASCARAS_design_em_correspondencias_com_os_materiais_no_artesanato_da_Costa_Rica_e_do_Maranhao\">CARETAS E M\u00c1SCARAS: design em correspond\u00eancias com os materiais no artesanato da Costa Rica e do Maranh\u00e3o<\/a><\/p><h6>Gloriana Solis<\/h6>","_id":"50b0a0a"}],"tab_color":"#7a7a7a","tab_active_color":"#ab4209","tab_typography_typography":"custom","content_color":"rgba(0,0,0,0.86)","content_typography_typography":"custom","content_typography_font_family":"Sarabum-Medium","content_typography_font_size":{"unit":"px","size":16,"sizes":[]},"tab_typography_font_family":"Sarabum-Medium","tab_typography_font_size":{"unit":"px","size":16,"sizes":[]},"_margin":{"unit":"px","top":"-7","right":"0","bottom":"0","left":"-7","isLinked":false}},"elements":[],"isInner":false,"widgetType":"tabs","elType":"widget"},{"id":"6f24912f","settings":{"space":{"unit":"px","size":15,"sizes":[]}},"elements":[],"isInner":false,"widgetType":"spacer","elType":"widget"}],"isInner":false,"elType":"column"},{"id":"74d42da3","settings":{"_column_size":33,"_inline_size":19.999},"elements":[],"isInner":false,"elType":"column"}],"isInner":false,"elType":"section"},{"id":"309891ba","settings":{"layout":"full_width","structure":"20","margin":{"unit":"px","top":"-2","right":0,"bottom":"0","left":0,"isLinked":false}},"elements":[{"id":"252c7f64","settings":{"_column_size":50,"_inline_size":19.551,"background_background":"classic","background_color":"#2E4721"},"elements":[{"id":"42a687c6","settings":[],"elements":[],"isInner":false,"widgetType":"spacer","elType":"widget"}],"isInner":false,"elType":"column"},{"id":"3ac4a3f8","settings":{"_column_size":50,"_inline_size":80.449,"background_background":"classic","background_image":{"url":"https:\/\/materiotecaufma.com.br\/wp-content\/uploads\/2019\/11\/Ativo-9-1.png","id":520},"background_position":"center center","background_size":"cover","margin":{"unit":"px","top":"0","right":"0","bottom":"0","left":"0","isLinked":true}},"elements":[{"id":"f7c1ee3","settings":{"space":{"unit":"px","size":81,"sizes":[]},"_margin":{"unit":"px","top":"-4","right":"-4","bottom":"-4","left":"-4","isLinked":true}},"elements":[],"isInner":false,"widgetType":"spacer","elType":"widget"}],"isInner":false,"elType":"column"}],"isInner":false,"elType":"section"}],"page_settings":{"eael_ext_toc_title":"Table of Contents"},"version":"0.4","title":"Pagina_Caretas_Cazumba","type":"page"}