{"content":[{"id":"5b98156a","settings":{"layout":"full_width","structure":"20"},"elements":[{"id":"47bd0d99","settings":{"_column_size":50,"_inline_size":19.645,"background_background":"classic","background_color":"#2E4721"},"elements":[{"id":"3f3f01de","settings":[],"elements":[],"isInner":false,"widgetType":"spacer","elType":"widget"}],"isInner":false,"elType":"column"},{"id":"2e6e6431","settings":{"_column_size":50,"_inline_size":80.355,"background_background":"classic","background_color":"#AB4209","background_image":{"url":"https:\/\/materiotecaufma.com.br\/wp-content\/uploads\/2019\/12\/Faixas-24.png","id":643},"background_size":"cover"},"elements":[{"id":"7a1a9964","settings":{"space":{"unit":"px","size":106,"sizes":[]}},"elements":[],"isInner":false,"widgetType":"spacer","elType":"widget"}],"isInner":false,"elType":"column"}],"isInner":false,"elType":"section"},{"id":"1a10da70","settings":{"layout":"full_width","structure":"30","margin":{"unit":"px","top":"-2","right":0,"bottom":"0","left":0,"isLinked":false}},"elements":[{"id":"3dd41f2","settings":{"_column_size":33,"_inline_size":19.645,"background_background":"classic","background_color":"#2E4721","color_link":"#FFFFFF","color_link_hover":"#EDD500"},"elements":[{"id":"2d80342","settings":{"image":{"url":"http:\/\/localhost\/wordpress\/wp-content\/uploads\/2019\/11\/Ativo-5.png","id":510}},"elements":[],"isInner":false,"widgetType":"image","elType":"widget"},{"id":"2a1aa160","settings":{"editor":"<p><a href=\"https:\/\/materiotecaufma.com.br\/inicio\">In\u00edcio<\/a><\/p><p><a href=\"https:\/\/materiotecaufma.com.br\/materiais\/\">Materiais<\/a><\/p><p><a href=\"https:\/\/materiotecaufma.com.br\/processos\/\">Processos<\/a><\/p><p><a href=\"https:\/\/materiotecaufma.com.br\/sobre\/\">Sobre<\/a><\/p><p><a href=\"https:\/\/materiotecaufma.com.br\/contato\/\">Contatos<\/a><\/p>","text_color":"#ffffff","typography_typography":"custom","typography_font_size":{"unit":"px","size":21,"sizes":[]},"align":"left","typography_font_family":"Sarabun-regular","_margin":{"unit":"px","top":"0","right":"0","bottom":"0","left":"60","isLinked":false},"typography_line_height":{"unit":"em","size":1.1,"sizes":[]},"text_columns":"1","column_gap":{"unit":"px","size":0,"sizes":[]}},"elements":[],"isInner":false,"widgetType":"text-editor","elType":"widget"}],"isInner":false,"elType":"column"},{"id":"6d72d091","settings":{"_column_size":33,"_inline_size":55.576},"elements":[{"id":"6f9d934d","settings":{"eael_adv_tabs_icon_show":"","eael_adv_tabs_tab":[{"eael_adv_tabs_tab_title":"Local","_id":"c674f41","eael_adv_tabs_tab_title_icon_new":{"value":"","library":""},"eael_adv_tabs_tab_title_image":{"url":"https:\/\/materiotecaufma.com.br\/wp-content\/plugins\/elementor\/assets\/images\/placeholder.png"},"eael_adv_tabs_tab_content":"<p><img class=\"size-medium wp-image-1156 alignright\" src=\"https:\/\/materiotecaufma.com.br\/wp-content\/uploads\/2020\/05\/S\u00e3o-Caetano-Pinheiro-240x300.jpg\" alt=\"\" width=\"240\" height=\"300\" \/><\/p><ul><li>S\u00e3o Caetano<\/li><\/ul><p>Em S\u00e3o Caetano e Bom Jesus, povoados localizados no munic\u00edpio de Matinha, vivem diversas fam\u00edlias que sobrevivem do extrativismo do coco baba\u00e7u e enfrentam as dificuldades e inseguran\u00e7as causadas pela expans\u00e3o desordenada do agroneg\u00f3cio. Formados especialmente as mulheres \u2013 extrativistas, dona de casa, m\u00e3es, esposas, av\u00f3s e trabalhadoras rurais \u2013 os grupos produtivos reivindicam o direito ao territ\u00f3rio para sua subsist\u00eancia, advinda da extra\u00e7\u00e3o do coco baba\u00e7u, fazendo parte do MIQCB \u2013 Movimento Interestadual das Quebradeiras de Coco Baba\u00e7u, que surgiu em 1995 com o objetivo de pressionar representantes dos governos federal, estadual e municipal a discutirem alternativas de desenvolvimento para regi\u00f5es de baba\u00e7uais, promovendo o debate sobre a agricultura familiar e extrativistas. Apresentamos aqui um trabalho de acompanhamento realizado pelo NIDA com a comunidade de S\u00e3o Caetano, em que o coco baba\u00e7u al\u00e9m ser transformado em azeite, mesocarpo e carv\u00e3o, ganha vida e gera renda na forma de artesanato. Esse conhecimento compartilhado entre mulheres extrativistas e pesquisadoras gerou oficinas de produ\u00e7\u00e3o de biojoias, e aplica\u00e7\u00f5es do coco como carimbo em ecobags e almofadas.<\/p><p>[gallery size=\"large\" columns=\"2\" link=\"file\" ids=\"1548,1549\"]<\/p>"},{"eael_adv_tabs_tab_title":"Artes\u00e3(o)s","_id":"40e3603","eael_adv_tabs_tab_title_icon_new":{"value":"","library":""},"eael_adv_tabs_tab_title_image":{"url":"https:\/\/materiotecaufma.com.br\/wp-content\/plugins\/elementor\/assets\/images\/placeholder.png"},"eael_adv_tabs_tab_content":"<ul><li>Maria da Gl\u00f3ria Trindade Belfort<\/li><li>Maria Ant\u00f4nia Trindade Mendes<\/li><li>Edna Silva\u00a0<\/li><li>Talison Silva\u00a0<\/li><li>Milene Mendon\u00e7a\u00a0<\/li><li>Tatiane Belfor<\/li><li>Gislane Belfor<p>[gallery size=\"large\" link=\"file\" ids=\"1545,1546,1547\"]<\/p><\/li><\/ul><p><strong>Contato<\/strong><\/p><p>(98) 98549-5014 (Gislane)<\/p>"},{"eael_adv_tabs_tab_title":"Materiais e Processos","_id":"ef44dcd","eael_adv_tabs_tab_title_icon_new":{"value":"","library":""},"eael_adv_tabs_tab_title_image":{"url":"https:\/\/materiotecaufma.com.br\/wp-content\/plugins\/elementor\/assets\/images\/placeholder.png"},"eael_adv_tabs_tab_content":"<p>O coco baba\u00e7u \u00e9 um fruto extra\u00eddo das palmeiras do baba\u00e7u, encontrado predominantemente nos estados do Maranh\u00e3o e Piau\u00ed numa zona chamada Mata dos Cocais. \u00c9 utilizado para fins aliment\u00edcios e cosm\u00e9ticos, como, por exemplo, na produ\u00e7\u00e3o do \u00f3leo de baba\u00e7u e da farinha de baba\u00e7u. Nas oficinas realizadas pelo NIDA em S\u00e3o Caetano, durante o projeto \"Cirandas de Saberes\", buscou-se atrav\u00e9s de uma s\u00e9rie de etapas a confec\u00e7\u00e3o de artigos de decora\u00e7\u00e3o e biojoias a partir da fatia do coco baba\u00e7u.<\/p><p><a href=\"https:\/\/materiotecaufma.com.br\/wp-content\/uploads\/2020\/06\/Material-e-processos-copy-0-scaled.jpg\"><img class=\"aligncenter wp-image-1561 size-large\" src=\"https:\/\/materiotecaufma.com.br\/wp-content\/uploads\/2020\/06\/Material-e-processos-copy-0-1024x534.jpg\" alt=\"\" width=\"1024\" height=\"534\" \/><\/a><\/p><p>[gallery size=\"large\" link=\"file\" ids=\"1553,1563,1550,1552,1556,1555\"]<\/p>"},{"eael_adv_tabs_tab_title_icon_new":{"value":"","library":""},"eael_adv_tabs_tab_title_image":{"url":"https:\/\/materiotecaufma.com.br\/wp-content\/plugins\/elementor\/assets\/images\/placeholder.png"},"eael_adv_tabs_tab_title":"Produtos","eael_adv_tabs_tab_content":"<img class=\"aligncenter wp-image-1559 size-full\" src=\"https:\/\/materiotecaufma.com.br\/wp-content\/uploads\/2020\/06\/produtos3-1.jpg\" alt=\"\" width=\"1021\" height=\"765\" \/>\n[gallery link=\"file\" size=\"large\" columns=\"2\" ids=\"1564,1560,1558,1557\"]","_id":"f3fc937"},{"eael_adv_tabs_tab_title_icon_new":{"value":"","library":""},"eael_adv_tabs_tab_title_image":{"url":"https:\/\/materiotecaufma.com.br\/wp-content\/plugins\/elementor\/assets\/images\/placeholder.png"},"eael_adv_tabs_tab_title":"Fontes","eael_adv_tabs_tab_content":"<a href=\"https:\/\/www.researchgate.net\/publication\/327867736_CIRANDAS_DE_SABERES_percursos_cartograficos_e_praticas_artesanais_em_Alcantara_e_na_Baixada_Maranhense\">Ciranda de Saberes: percursos cartogr\u00e1ficos e pr\u00e1ticas artesanais em Alc\u00e2ntara e na Baixada Maranhense.<\/a> <h5>Raquel Noronha; Andr\u00e9a Katiane Costa; Gisele Saraiva; M\u00e1rcio Guimar\u00e3es; Raiama Portela.<\/h5>\n<a href=\"https:\/\/www.proceedings.blucher.com.br\/article-details\/o-conhecimento-tem-que-ser-repartido-notas-sobre-identidade-cultural-desenvolvimento-de-produtos-e-artesanato-entre-designers-e-um-grupo-extrativista-de-coco-babacu-25553\">\"O conhecimento tem que ser repartido!\": Notas sobre identidade cultural, desenvolvimentos de produtos e artesanato entre designers e um grupo extrativista de coco baba\u00e7u.<\/a> <h5>Raiama Portela; Raquel Noronha; Nayara Perp\u00e9tuo; Railde Paula Ara\u00fajo; Ana \u00c1urea Santos.<\/h5>\n&nbsp;","_id":"7489782"}],"eael_adv_tabs_tab_title_typography_typography":"custom","eael_adv_tabs_tab_title_typography_font_family":"Sarabum-Medium","eael_adv_tabs_tab_title_typography_font_size":{"unit":"px","size":16,"sizes":[]},"eael_adv_tabs_tab_title_typography_font_weight":"700","eael_adv_tabs_tab_color":"#FFFFFF","eael_adv_tabs_tab_text_color":"#54595F","eael_adv_tabs_tab_border_width":{"unit":"px","top":"1","right":"1","bottom":"1","left":"1","isLinked":true},"eael_adv_tabs_tab_color_hover":"rgba(248, 248, 248, 0)","eael_adv_tabs_tab_text_color_hover":"#AB4209","eael_adv_tabs_tab_color_active":"rgba(248, 248, 248, 0)","eael_adv_tabs_tab_text_color_active":"#AB4209","eael_adv_tabs_tab_border_active_border":"solid","eael_adv_tabs_tab_border_active_width":{"unit":"px","top":"1","right":"1","bottom":"1","left":"1","isLinked":true},"eael_adv_tabs_tab_border_active_color":"#C7C7C7","adv_tabs_content_text_color":"#333333","eael_adv_tabs_content_typography_typography":"custom","eael_adv_tabs_content_typography_font_family":"Sarabum-Medium","eael_adv_tabs_content_typography_font_size":{"unit":"px","size":16,"sizes":[]},"eael_adv_tabs_content_typography_font_weight":"500","eael_adv_tabs_content_border_border":"solid","eael_adv_tabs_content_border_width":{"unit":"px","top":"1","right":"1","bottom":"1","left":"1","isLinked":true},"eael_adv_tabs_content_border_color":"#C7C7C7","eael_adv_tabs_tab_caret_show":"","eael_adv_tabs_tab_caret_size":{"unit":"px","size":9,"sizes":[]}},"elements":[],"isInner":false,"widgetType":"eael-adv-tabs","elType":"widget"},{"id":"5e68803b","settings":{"space":{"unit":"px","size":15,"sizes":[]}},"elements":[],"isInner":false,"widgetType":"spacer","elType":"widget"}],"isInner":false,"elType":"column"},{"id":"58f11d7e","settings":{"_column_size":33,"_inline_size":19.971},"elements":[],"isInner":false,"elType":"column"}],"isInner":false,"elType":"section"},{"id":"7690f277","settings":{"layout":"full_width","structure":"20","margin":{"unit":"px","top":"-2","right":0,"bottom":"0","left":0,"isLinked":false}},"elements":[{"id":"286bcd91","settings":{"_column_size":50,"_inline_size":19.551,"background_background":"classic","background_color":"#2E4721"},"elements":[{"id":"455914b3","settings":[],"elements":[],"isInner":false,"widgetType":"spacer","elType":"widget"}],"isInner":false,"elType":"column"},{"id":"2d2659e4","settings":{"_column_size":50,"_inline_size":80.449,"background_background":"classic","background_image":{"url":"https:\/\/materiotecaufma.com.br\/wp-content\/uploads\/2019\/11\/Ativo-9-1.png","id":520},"background_position":"center center","background_size":"cover","margin":{"unit":"px","top":"0","right":"0","bottom":"0","left":"0","isLinked":true}},"elements":[{"id":"34dd0d34","settings":{"space":{"unit":"px","size":80,"sizes":[]},"_margin":{"unit":"px","top":"-4","right":"-4","bottom":"-4","left":"-4","isLinked":true}},"elements":[],"isInner":false,"widgetType":"spacer","elType":"widget"}],"isInner":false,"elType":"column"}],"isInner":false,"elType":"section"}],"page_settings":{"eael_ext_toc_title":"Table of Contents"},"version":"0.4","title":"Pagina_Coco_Baba\u00e7u","type":"page"}