{"content":[{"id":"75653d22","settings":{"layout":"full_width","structure":"20"},"elements":[{"id":"28a1d392","settings":{"_column_size":50,"_inline_size":19.645,"background_background":"classic","background_color":"#2E4721"},"elements":[{"id":"39b4378d","settings":[],"elements":[],"isInner":false,"widgetType":"spacer","elType":"widget"}],"isInner":false,"elType":"column"},{"id":"69c4426a","settings":{"_column_size":50,"_inline_size":80.355,"background_background":"classic","background_color":"#AB4209","background_image":{"url":"https:\/\/materiotecaufma.com.br\/wp-content\/uploads\/2019\/12\/Faixas-28.png","id":699},"background_size":"cover"},"elements":[{"id":"72a3f0ef","settings":{"space":{"unit":"px","size":106,"sizes":[]}},"elements":[],"isInner":false,"widgetType":"spacer","elType":"widget"}],"isInner":false,"elType":"column"}],"isInner":false,"elType":"section"},{"id":"62a2e8f9","settings":{"layout":"full_width","structure":"30","margin":{"unit":"px","top":"-2","right":0,"bottom":"0","left":0,"isLinked":false}},"elements":[{"id":"2f0d55e2","settings":{"_column_size":33,"_inline_size":19.645,"background_background":"classic","background_color":"#2E4721","color_link":"#FFFFFF","color_link_hover":"#EDD500"},"elements":[{"id":"1049d119","settings":{"image":{"url":"http:\/\/localhost\/wordpress\/wp-content\/uploads\/2019\/11\/Ativo-5.png","id":510}},"elements":[],"isInner":false,"widgetType":"image","elType":"widget"},{"id":"cf4e76a","settings":{"editor":"<p><a href=\"https:\/\/materiotecaufma.com.br\/inicio\">In\u00edcio<\/a><\/p><p><a href=\"https:\/\/materiotecaufma.com.br\/materiais\/\">Materiais<\/a><\/p><p><a href=\"https:\/\/materiotecaufma.com.br\/processos\/\">Processos<\/a><\/p><p><a href=\"https:\/\/materiotecaufma.com.br\/sobre\/\">Sobre<\/a><\/p><p><a href=\"https:\/\/materiotecaufma.com.br\/contato\/\">Contatos<\/a><\/p>","text_color":"#ffffff","typography_typography":"custom","typography_font_size":{"unit":"px","size":21,"sizes":[]},"align":"left","typography_font_family":"Sarabun-regular","_margin":{"unit":"px","top":"0","right":"0","bottom":"0","left":"60","isLinked":false},"typography_line_height":{"unit":"em","size":1.1,"sizes":[]},"text_columns":"1","column_gap":{"unit":"px","size":0,"sizes":[]}},"elements":[],"isInner":false,"widgetType":"text-editor","elType":"widget"}],"isInner":false,"elType":"column"},{"id":"3f12fa0f","settings":{"_column_size":33,"_inline_size":60.016},"elements":[{"id":"18c23a49","settings":{"eael_adv_tabs_icon_show":"","eael_adv_tabs_tab":[{"eael_adv_tabs_tab_title":"Local","_id":"c674f41","eael_adv_tabs_tab_title_icon_new":{"value":"","library":""},"eael_adv_tabs_tab_title_image":{"url":"https:\/\/materiotecaufma.com.br\/wp-content\/plugins\/elementor\/assets\/images\/placeholder.png"},"eael_adv_tabs_tab_content":"<p><img class=\"size-medium wp-image-1148 alignright\" src=\"https:\/\/materiotecaufma.com.br\/wp-content\/uploads\/2020\/05\/S\u00e3o-Jo\u00e3o-dos-Patos-240x300.jpg\" alt=\"\" width=\"240\" height=\"300\" \/><\/p><ul><li>S\u00e3o Jo\u00e3o dos Patos-MA<\/li><\/ul><p>S\u00e3o Jo\u00e3o dos Patos \u00e9 um cidade assentada no Sert\u00e3o Maranhense, situada a 570 km de S\u00e3o Lu\u00eds, com 24.928 habitantes (IBGE, 2013) e que possui uma significante produ\u00e7\u00e3o de bordados, principalmente do tipo ponto-cruz. Tal particularidade cultural, al\u00e9m de ser extremamente comum na cidade, constitui-se como uma atividade passada de gera\u00e7\u00e3o em gera\u00e7\u00e3o, e que se caracteriza por ser uma t\u00e9cnica, ao mesmo tempo, primitiva e contempor\u00e2nea, j\u00e1 que se encontram diversas iniciativas que buscam a inova\u00e7\u00e3o no que diz respeito \u00e0 constru\u00e7\u00e3o dos neg\u00f3cios e a uma vida sustent\u00e1vel ao longo da cadeia produtiva do bordado.<\/p><p>\u00a0<\/p>"},{"eael_adv_tabs_tab_title":"Artes\u00e3(o)s","_id":"40e3603","eael_adv_tabs_tab_title_icon_new":{"value":"","library":""},"eael_adv_tabs_tab_title_image":{"url":"https:\/\/materiotecaufma.com.br\/wp-content\/plugins\/elementor\/assets\/images\/placeholder.png"},"eael_adv_tabs_tab_content":"<p>Tr\u00eas mulheres que tem o nobre oficio de \u00a0enfeitar objetos do dia adia por meio do bordado. Em cada trabalho elas contam e recontam suas vidas atrav\u00e9s dos pontos. E a cada ponto surgem novos bordados e novas hist\u00f3rias sobre a vida, sobre a cidade de S\u00e3o Jo\u00e3o dosPatos e especialmente sobre as tantas Marcelucias, Joelmas, Daianes, e muitas outras que tem em suas m\u00e3os, em qualquer tempo e lugar, sempre algo a dizer.\u00a0 Privilegiadas com esse presente do aprendizado do bordado que vem de suas outras gera\u00e7\u00f5es, exerceram suas habilidades e talentos na Associa\u00e7\u00e3o de Mulheres da Agulha Criativa - AMAC durante muitos bons anos.<\/p><p>[gallery columns=\"2\" size=\"large\" link=\"file\" ids=\"1667,1663,1664,1666\"]<\/p><p><strong>Contato<\/strong><\/p><ul><li style=\"text-align: left;\">Joelma - (99) 98462-4522<\/li><li style=\"text-align: left;\">Marcelucia - (99) 98154-3044<\/li><li style=\"text-align: left;\">Daiane - (99) 98430-4397<\/li><\/ul>"},{"eael_adv_tabs_tab_title":"Materiais e Processos","_id":"ef44dcd","eael_adv_tabs_tab_title_icon_new":{"value":"","library":""},"eael_adv_tabs_tab_title_image":{"url":"https:\/\/materiotecaufma.com.br\/wp-content\/plugins\/elementor\/assets\/images\/placeholder.png"},"eael_adv_tabs_tab_content":"<p>Dentre os materiais utilizados, as bordadeiras usam o linho, que \u00e9 o tecido base para qualquer pe\u00e7a de bordado em S\u00e3o Jo\u00e3o dos Patos. O linho utilizado \u00e9 o misto, com t\u00eaxtil, e \u00e9 geralmente comprado em lojas de tecido na cidade.\u00a0As linhas usadas no bordado ponto-cruz s\u00e3o: linha <i>Mercer crochet<\/i>, 100% algod\u00e3o eg\u00edpcio, a linha renascen\u00e7a, e a meada <i>anchor Moulin\u00e9<\/i>, 100% algod\u00e3o, duplamente mercerizada.\u00a0J\u00e1 a linha m\u00fasica, 100% algod\u00e3o \u00e9 utilizada para fazer a bainha\/barra das pe\u00e7as.<\/p><p>[gallery link=\"file\" size=\"medium\" ids=\"1669,1670,1672\"]<\/p>"},{"eael_adv_tabs_tab_title_icon_new":{"value":"","library":""},"eael_adv_tabs_tab_title_image":{"url":"https:\/\/materiotecaufma.com.br\/wp-content\/plugins\/elementor\/assets\/images\/placeholder.png"},"eael_adv_tabs_tab_title":"Produtos","eael_adv_tabs_tab_content":"\n[gallery size=\"medium\" link=\"file\" ids=\"1681,1682,1678,1679,1680,1677\"]\n[gallery link=\"file\" size=\"medium\" ids=\"1675,1674,1676\"]\n\n&nbsp;\n\n&nbsp;","_id":"f3fc937"},{"eael_adv_tabs_tab_title_icon_new":{"value":"","library":""},"eael_adv_tabs_tab_title_image":{"url":"https:\/\/materiotecaufma.com.br\/wp-content\/plugins\/elementor\/assets\/images\/placeholder.png"},"eael_adv_tabs_tab_title":"Fontes","eael_adv_tabs_tab_content":"<a href=\"https:\/\/tedebc.ufma.br\/jspui\/bitstream\/tede\/2288\/2\/M%c3%a1rcio%20Soares%20Lima.pdf\">O AVESSO: alcances e limites da consultoria em design na Associa\u00e7\u00e3o de Mulheres da Agulha Criativa, em S\u00e3o Jo\u00e3o dos Patos - MA.<\/a><h5>M\u00e1rcio Soares Lima<\/h5>\n<a href=\"http:\/\/www.periodicoseletronicos.ufma.br\/index.php\/ricultsociedade\/article\/view\/10503\">A rela\u00e7\u00e3o da produ\u00e7\u00e3o artesanal com as hist\u00f3rias de vida das mulheres que bordam em S\u00e3o Jo\u00e3o dos Patos - MA.\u00a0 <\/a><h5>M\u00e1rcio Soares Lima; Raquel Noronha<\/h5>\n<a href=\"https:\/\/books.google.com.br\/books?id=CfW9DwAAQBAJ&amp;pg=PT366&amp;lpg=PT366&amp;dq=Marketing+embroidery+in+colors:+the+creative+fashion+in+AMAC+-SJP-MA.&amp;source=bl&amp;ots=qM1GnEygN-&amp;sig=ACfU3U1gbPbHx-MLI8ZHP1Js_TyRsWIrkQ&amp;hl=pt-BR&amp;sa=X&amp;ved=2ahUKEwjM75Drs7TpAhXQnOAKHYFuDYMQ6AEwCnoECAoQAQ#v=onepage&amp;q=Marketing%20embroidery%20in%20colors%3A%20the%20creative%20fashion%20in%20AMAC%20-SJP-MA.&amp;f=false\">Marketing embroidery in colors: the creative fashion in AMAC -SJP-MA. <\/a>\n<h5>M\u00e1rcio Soares Lima; Raquel Noronha<\/h5>\n<a href=\"https:\/\/www.proceedings.blucher.com.br\/article-details\/the-craft-is-sovereign-the-starting-and-finishing-point-in-the-productive-chain-of-the-association-of-women-of-the-creative-needle-amac-so-joo-dos-patos-ma-33481\">The craft is sovereign: the starting and finishing point in the Productive Chain of the Association of Women of the Creative Needle ? AMAC, S\u00e3o Jo\u00e3o dos Patos - MA. <\/a>\n<h5>M\u00e1rcio Soares Lima; Raquel Noronha<\/h5>\n<a href=\"https:\/\/www.proceedings.blucher.com.br\/article-details\/alinhavando-discursos-a-atuao-do-designer-junto-s-mulheres-que-bordam-em-so-joo-dos-patos-ma-28118\">Alinhavando discursos: a atua\u00e7\u00e3o do designer junto \u00e0s mulheres que bordam em S\u00e3o Jo\u00e3o dos Patos - MA. <\/a>\n<h5>M\u00e1rcio Soares; Nayara Chaves; Raquel Noronha<\/h5>\n<a href=\"http:\/\/www.coloquiomoda.com.br\/anais\/Coloquio%20de%20Moda%20-%202018\/Grupos%20de%20Trabalho\/GT%2001%20-%20Educa%C3%A7%C3%A3o%20Teoria%20e%20pr%C3%A1tica%20em%20moda\/M%C3%A1rcioa%20Soares%20Lima%20-%20A%20INTERVEN%C3%87%C3%83O%20DO%20DESIGNER%20DE%20MODA%20NO%20ARTESANATO..pdf\">A interven\u00e7\u00e3o do designer de moda no artesanato: socializar para ressignificar\u00a0<\/a>\n<h5>M\u00e1rcio Soares Lima<\/h5>\n<a href=\"https:\/\/www.proceedings.blucher.com.br\/article-details\/relationship-between-handicraft-and-design-in-a-community-of-embroiderers-the-case-of-so-joo-dos-patos-maranho-26518\">Relationship between handicraft and design in a community of embroiderers: the case of S\u00e3o Jo\u00e3o dos Patos - Maranh\u00e3o. <\/a>\n<h5>M\u00e1rcio Lima; Raquel Noronha<\/h5>\n<a href=\"http:\/\/www.coloquiomoda.com.br\/coloquio2017\/anais\/anais\/13-Coloquio-de-Moda_2017\/CO\/co_1\/co_1_Linha_E_Linho.pdf\">Linha e Linho: O Ponto Cruz Estabelecendo Uma Rela\u00e7\u00e3o Entre As Bordadeiras De S\u00e3o Jo\u00e3o Dos Patos - MA. <\/a>\n<h5>M\u00e1rcio Soares; Raquel Noronha; Lucilene Rodrigues<\/h5>\n<a href=\"https:\/\/www.fashionrevolution.org\/wp-content\/uploads\/2019\/10\/FR-forum2019-ebook.pdf\">O resgate cultural do bordado de S\u00e3o Jo\u00e3o dos Patos: desenvolvimento sustent\u00e1vel como desafio na moda.<\/a>\n<h5>M\u00e1rcio Soares; Nayara Chaves; Raquel Noronha<\/h5>","_id":"7489782"}],"eael_adv_tabs_tab_title_typography_typography":"custom","eael_adv_tabs_tab_title_typography_font_family":"Sarabum-Medium","eael_adv_tabs_tab_title_typography_font_size":{"unit":"px","size":16,"sizes":[]},"eael_adv_tabs_tab_title_typography_font_weight":"700","eael_adv_tabs_tab_color":"#FFFFFF","eael_adv_tabs_tab_text_color":"#54595F","eael_adv_tabs_tab_border_width":{"unit":"px","top":"1","right":"1","bottom":"1","left":"1","isLinked":true},"eael_adv_tabs_tab_color_hover":"rgba(248, 248, 248, 0)","eael_adv_tabs_tab_text_color_hover":"#AB4209","eael_adv_tabs_tab_color_active":"rgba(248, 248, 248, 0)","eael_adv_tabs_tab_text_color_active":"#AB4209","eael_adv_tabs_tab_border_active_border":"solid","eael_adv_tabs_tab_border_active_width":{"unit":"px","top":"1","right":"1","bottom":"1","left":"1","isLinked":true},"eael_adv_tabs_tab_border_active_color":"#C7C7C7","adv_tabs_content_text_color":"#333333","eael_adv_tabs_content_typography_typography":"custom","eael_adv_tabs_content_typography_font_family":"Sarabum-Medium","eael_adv_tabs_content_typography_font_size":{"unit":"px","size":16,"sizes":[]},"eael_adv_tabs_content_typography_font_weight":"500","eael_adv_tabs_content_border_border":"solid","eael_adv_tabs_content_border_width":{"unit":"px","top":"1","right":"1","bottom":"1","left":"1","isLinked":true},"eael_adv_tabs_content_border_color":"#C7C7C7","eael_adv_tabs_tab_caret_show":"","eael_adv_tabs_tab_caret_size":{"unit":"px","size":9,"sizes":[]}},"elements":[],"isInner":false,"widgetType":"eael-adv-tabs","elType":"widget"},{"id":"56c66834","settings":{"space":{"unit":"px","size":15,"sizes":[]}},"elements":[],"isInner":false,"widgetType":"spacer","elType":"widget"}],"isInner":false,"elType":"column"},{"id":"27034fce","settings":{"_column_size":33,"_inline_size":19.621},"elements":[],"isInner":false,"elType":"column"}],"isInner":false,"elType":"section"},{"id":"4038655e","settings":{"layout":"full_width","structure":"20","margin":{"unit":"px","top":"-2","right":0,"bottom":"0","left":0,"isLinked":false}},"elements":[{"id":"7b77bc74","settings":{"_column_size":50,"_inline_size":19.551,"background_background":"classic","background_color":"#2E4721"},"elements":[{"id":"76e6d040","settings":[],"elements":[],"isInner":false,"widgetType":"spacer","elType":"widget"}],"isInner":false,"elType":"column"},{"id":"48e0942b","settings":{"_column_size":50,"_inline_size":80.449,"background_background":"classic","background_image":{"url":"https:\/\/materiotecaufma.com.br\/wp-content\/uploads\/2019\/11\/Ativo-9-1.png","id":520},"background_position":"center center","background_size":"cover","margin":{"unit":"px","top":"0","right":"0","bottom":"0","left":"0","isLinked":true}},"elements":[{"id":"e360f2d","settings":{"space":{"unit":"px","size":79,"sizes":[]},"_margin":{"unit":"px","top":"-4","right":"-4","bottom":"-4","left":"-4","isLinked":true}},"elements":[],"isInner":false,"widgetType":"spacer","elType":"widget"}],"isInner":false,"elType":"column"}],"isInner":false,"elType":"section"}],"page_settings":{"eael_ext_toc_title":"Table of Contents"},"version":"0.4","title":"Pagina_Bordados_SJpatos","type":"page"}