{"content":[{"id":"1cc48efa","settings":{"layout":"full_width","structure":"20"},"elements":[{"id":"7758a419","settings":{"_column_size":50,"_inline_size":19.645,"background_background":"classic","background_color":"#2E4721"},"elements":[{"id":"5470f4b6","settings":[],"elements":[],"isInner":false,"widgetType":"spacer","elType":"widget"}],"isInner":false,"elType":"column"},{"id":"3d996c11","settings":{"_column_size":50,"_inline_size":80.355,"background_background":"classic","background_color":"#AB4209","background_image":{"url":"https:\/\/materiotecaufma.com.br\/wp-content\/uploads\/2019\/12\/Faixas-19.png","id":845},"background_size":"cover"},"elements":[{"id":"30d094c3","settings":{"space":{"unit":"px","size":107,"sizes":[]}},"elements":[],"isInner":false,"widgetType":"spacer","elType":"widget"}],"isInner":false,"elType":"column"}],"isInner":false,"elType":"section"},{"id":"55639c60","settings":{"layout":"full_width","structure":"50","heading_color":"#FFFFFF","color_text":"#FFFFFF","color_link":"#FFFFFF","color_link_hover":"#EDD500","margin":{"unit":"px","top":"-2","right":0,"bottom":"0","left":0,"isLinked":false}},"elements":[{"id":"680307c2","settings":{"_column_size":20,"_inline_size":19.645,"background_background":"classic","background_color":"#2E4721"},"elements":[{"id":"4c2a696a","settings":{"image":{"url":"http:\/\/localhost\/wordpress\/wp-content\/uploads\/2019\/11\/Ativo-5.png","id":510}},"elements":[],"isInner":false,"widgetType":"image","elType":"widget"},{"id":"40615c9b","settings":{"editor":"<p><a href=\"https:\/\/materiotecaufma.com.br\/inicio\">In\u00edcio<\/a><\/p><p><a href=\"https:\/\/materiotecaufma.com.br\/materiais\/\">Materiais<\/a><\/p><p><a href=\"https:\/\/materiotecaufma.com.br\/processos\/\">Processos<\/a><\/p><p><a href=\"https:\/\/materiotecaufma.com.br\/sobre\/\">Sobre<\/a><\/p><p><a href=\"https:\/\/materiotecaufma.com.br\/contato\/\">Contatos<\/a><\/p>","text_color":"#ffffff","typography_typography":"custom","typography_font_size":{"unit":"px","size":21,"sizes":[]},"align":"left","typography_font_family":"Sarabun-regular","_margin":{"unit":"px","top":"0","right":"0","bottom":"0","left":"60","isLinked":false},"typography_line_height":{"unit":"em","size":1.1,"sizes":[]},"text_columns":"1","column_gap":{"unit":"px","size":0,"sizes":[]}},"elements":[],"isInner":false,"widgetType":"text-editor","elType":"widget"}],"isInner":false,"elType":"column"},{"id":"671713cd","settings":{"_column_size":20,"_inline_size":5.594},"elements":[],"isInner":false,"elType":"column"},{"id":"78896d87","settings":{"_column_size":20,"_inline_size":34.761},"elements":[{"id":"53d61750","settings":{"space":{"unit":"px","size":63,"sizes":[]}},"elements":[],"isInner":false,"widgetType":"spacer","elType":"widget"},{"id":"4f42b4ec","settings":{"image":{"url":"https:\/\/materiotecaufma.com.br\/wp-content\/uploads\/2019\/12\/S\u00e3o-Joao-dos-Patos.jpg","id":694},"link_to":"custom","link":{"url":"https:\/\/materiotecaufma.com.br\/bordado-sj-patos\/","is_external":"","nofollow":""}},"elements":[],"isInner":false,"widgetType":"image","elType":"widget"},{"id":"677c57b2","settings":{"space":{"unit":"px","size":63,"sizes":[]}},"elements":[],"isInner":false,"widgetType":"spacer","elType":"widget"}],"isInner":false,"elType":"column"},{"id":"33177ccf","settings":{"_column_size":20,"_inline_size":34.425},"elements":[{"id":"14e90912","settings":{"space":{"unit":"px","size":63,"sizes":[]}},"elements":[],"isInner":false,"widgetType":"spacer","elType":"widget"},{"id":"4fbee501","settings":{"image":{"url":"https:\/\/materiotecaufma.com.br\/wp-content\/uploads\/2019\/12\/Cururupu-2.jpg","id":693},"link_to":"custom","link":{"url":"https:\/\/materiotecaufma.com.br\/bordado-cururupu\/","is_external":"","nofollow":""}},"elements":[],"isInner":false,"widgetType":"image","elType":"widget"},{"id":"452b8916","settings":{"space":{"unit":"px","size":63,"sizes":[]}},"elements":[],"isInner":false,"widgetType":"spacer","elType":"widget"}],"isInner":false,"elType":"column"},{"id":"1054dceb","settings":{"_column_size":20,"_inline_size":5.553},"elements":[],"isInner":false,"elType":"column"}],"isInner":false,"elType":"section"},{"id":"48475dbc","settings":{"layout":"full_width","structure":"20","margin":{"unit":"px","top":"-2","right":0,"bottom":"0","left":0,"isLinked":false}},"elements":[{"id":"33998563","settings":{"_column_size":50,"_inline_size":19.551,"background_background":"classic","background_color":"#2E4721"},"elements":[{"id":"19aa36ef","settings":[],"elements":[],"isInner":false,"widgetType":"spacer","elType":"widget"}],"isInner":false,"elType":"column"},{"id":"4282a58c","settings":{"_column_size":50,"_inline_size":80.449,"background_background":"classic","background_image":{"url":"https:\/\/materiotecaufma.com.br\/wp-content\/uploads\/2019\/11\/Ativo-9-1.png","id":520},"background_position":"center center","background_size":"cover","margin":{"unit":"px","top":"0","right":"0","bottom":"0","left":"0","isLinked":true}},"elements":[{"id":"49af5a04","settings":{"space":{"unit":"px","size":80,"sizes":[]},"_margin":{"unit":"px","top":"-4","right":"-4","bottom":"-4","left":"-4","isLinked":true}},"elements":[],"isInner":false,"widgetType":"spacer","elType":"widget"}],"isInner":false,"elType":"column"}],"isInner":false,"elType":"section"}],"page_settings":[],"version":"0.4","title":"Pagina_Bordados","type":"page"}