{"content":[{"id":"69941723","settings":{"layout":"full_width","structure":"20"},"elements":[{"id":"16448d5a","settings":{"_column_size":50,"_inline_size":19.645,"background_background":"classic","background_color":"#2E4721"},"elements":[{"id":"39ea7ff3","settings":[],"elements":[],"isInner":false,"widgetType":"spacer","elType":"widget"}],"isInner":false,"elType":"column"},{"id":"6e8e86e","settings":{"_column_size":50,"_inline_size":80.355,"background_background":"classic","background_color":"#AB4209","background_image":{"url":"https:\/\/materiotecaufma.com.br\/wp-content\/uploads\/2019\/12\/Faixas-27.png","id":697},"background_size":"cover"},"elements":[{"id":"368a441d","settings":{"space":{"unit":"px","size":107,"sizes":[]}},"elements":[],"isInner":false,"widgetType":"spacer","elType":"widget"}],"isInner":false,"elType":"column"}],"isInner":false,"elType":"section"},{"id":"38c4ecb8","settings":{"layout":"full_width","structure":"30","margin":{"unit":"px","top":"-2","right":0,"bottom":"0","left":0,"isLinked":false}},"elements":[{"id":"630faac5","settings":{"_column_size":33,"_inline_size":19.645,"background_background":"classic","background_color":"#2E4721","color_link":"#FFFFFF","color_link_hover":"#EDD500"},"elements":[{"id":"d8b5566","settings":{"image":{"url":"http:\/\/localhost\/wordpress\/wp-content\/uploads\/2019\/11\/Ativo-5.png","id":510},"width":{"unit":"%","size":61,"sizes":[]},"space":{"unit":"%","size":83,"sizes":[]}},"elements":[],"isInner":false,"widgetType":"image","elType":"widget"},{"id":"4f97e49e","settings":{"editor":"<p><a href=\"https:\/\/materiotecaufma.com.br\/inicio\">In\u00edcio<\/a><\/p><p><a href=\"https:\/\/materiotecaufma.com.br\/materiais\/\">Materiais<\/a><\/p><p><a href=\"https:\/\/materiotecaufma.com.br\/processos\/\">Processos<\/a><\/p><p><a href=\"https:\/\/materiotecaufma.com.br\/sobre\/\">Sobre<\/a><\/p><p><a href=\"https:\/\/materiotecaufma.com.br\/contato\/\">Contatos<\/a><\/p>","text_color":"#ffffff","typography_typography":"custom","typography_font_size":{"unit":"px","size":21,"sizes":[]},"align":"left","typography_font_family":"Sarabun-regular","_margin":{"unit":"px","top":"0","right":"0","bottom":"0","left":"60","isLinked":false},"typography_line_height":{"unit":"em","size":1.1,"sizes":[]},"text_columns":"1","column_gap":{"unit":"px","size":0,"sizes":[]}},"elements":[],"isInner":false,"widgetType":"text-editor","elType":"widget"}],"isInner":false,"elType":"column"},{"id":"516b8145","settings":{"_column_size":33,"_inline_size":60.016},"elements":[{"id":"4716e06f","settings":{"eael_adv_tabs_icon_show":"","eael_adv_tabs_tab":[{"eael_adv_tabs_tab_title":"Local","_id":"c674f41","eael_adv_tabs_tab_title_icon_new":{"value":"","library":""},"eael_adv_tabs_tab_title_image":{"url":"https:\/\/materiotecaufma.com.br\/wp-content\/plugins\/elementor\/assets\/images\/placeholder.png"},"eael_adv_tabs_tab_content":"<p><img class=\"size-medium wp-image-1141 alignright\" src=\"https:\/\/materiotecaufma.com.br\/wp-content\/uploads\/2020\/05\/Cururupu-240x300.jpg\" alt=\"\" width=\"240\" height=\"300\" \/><\/p><ul><li>Cururupu<\/li><\/ul><p>Cururupu \u00e9 um minic\u00edpio situado ao norte do estado do Maranh\u00e3o, h\u00e1 226km via ferryboat. L\u00e1 \u00e9 intensa a produ\u00e7\u00e3o artesanal relacionada ao Bumba meu Boi. Aqui apresentamos o processo produtivo do Boi da Rama Santa, o representante do sotaque costa de m\u00e3o no Maranh\u00e3o, que pode ser considerado um sotaque de resist\u00eancia, por haver menos de dez bumba-bois desta natureza.<br \/>Tamb\u00e9m apresentamos o trabalho em bordado de Jadson, que trabalha com seu pai Jogico, atendendo a diversos grupos de Bumba meu Boi da regi\u00e3o. <br \/>O trabalho do bordado \u00e9 de extrema precis\u00e3o, e envolve temas do imagin\u00e1rio local, como personagens hist\u00f3ricos, religiosos, imagens ligadas \u00e0 natureza e \u00e0 pol\u00edtica.\u00a0\u00a0<\/p><p>[gallery columns=\"2\" link=\"file\" size=\"medium\" ids=\"1973,1969\"]<\/p>"},{"eael_adv_tabs_tab_title":"Artes\u00e3(o)s","_id":"40e3603","eael_adv_tabs_tab_title_icon_new":{"value":"","library":""},"eael_adv_tabs_tab_title_image":{"url":"https:\/\/materiotecaufma.com.br\/wp-content\/plugins\/elementor\/assets\/images\/placeholder.png"},"eael_adv_tabs_tab_content":"<ul><li>Josael<\/li><li>Lu\u00edza<\/li><li>Jadson<\/li><\/ul><p><a href=\"https:\/\/materiotecaufma.com.br\/wp-content\/uploads\/2020\/06\/artes\u00e3os-1.jpg\"><img class=\"alignnone wp-image-1960 size-full\" src=\"https:\/\/materiotecaufma.com.br\/wp-content\/uploads\/2020\/06\/artes\u00e3os-1.jpg\" alt=\"\" width=\"1916\" height=\"1033\" \/><\/a><\/p><p><strong>Contato<\/strong><\/p><ul><li>(98) 98567-9239 (Lu\u00edza)<\/li><li>(98) 98466-3493 (Jadson)<\/li><\/ul>"},{"eael_adv_tabs_tab_title":"Materiais e Processos","_id":"ef44dcd","eael_adv_tabs_tab_title_icon_new":{"value":"","library":""},"eael_adv_tabs_tab_title_image":{"url":"https:\/\/materiotecaufma.com.br\/wp-content\/plugins\/elementor\/assets\/images\/placeholder.png"},"eael_adv_tabs_tab_content":"<p>O processo inicia-se com os desenhos de Josael (81 anos), senhor de poucas palavras, por\u00e9m grandes habilidades manuais. Oficialmente pedreiro, Josael come\u00e7ou a desenhar em 1949, quando pela primeira vez desenhou Jo\u00e3o Batista, batizando Jesus no rio Jord\u00e3o. Atende \u00e0 demanda da maioria das organiza\u00e7\u00f5es de boi da sua regi\u00e3o, mas n\u00e3o trabalha s\u00f3 para eles, tamb\u00e9m desenha para as escolas de samba e para os que mais necessitarem de suas habilidades.<\/p><p>Ao conversarmos mais com Josael sobre como ele produz os desenhos, em que se inspira, ele nos conta que desenha baseado no que v\u00ea, o que v\u00ea na rua, o que v\u00ea nos livros, nas coisas que pensa (imagina\u00e7\u00e3o), tudo a seu gosto e modo. Tudo \u00e0 m\u00e3o livre, sem uso de \u201cm\u00e1quinas\u201d, como nomeou, e\/ou materiais mais elaborados de desenho. Ap\u00f3s desenhado, Josael s\u00f3 come\u00e7a o processo de pintura depois de saber qual a cor base da pe\u00e7a (se cal\u00e7a, camisa, peitoril, couro etc.) em que ser\u00e3o aplicados seus desenhos, para fazer o contraste adequado a cada elemento.<\/p><p>A etapa do bordado vem em seguida. Aqui apresentamos o trabalho de Luiza, do Boi da Rama Santa.<br \/>\u00c9 utilizando os desenhos que Josael faz que Luiza inicia alguns de seus bordados para o Rama Santa, assumindo a posi\u00e7\u00e3o de bordadeira oficial. Usando os desenhos de Josael, Lu\u00edza transfere para o tnt, pinta a imagem e espera secar. Ap\u00f3s seco, costura a imagem recortada na pe\u00e7a a ser bordada e come\u00e7a o seu trabalho, contornando, geralmente com mi\u00e7angas, e depois preenche o contorno com canutilhos, principal material de seus bordados. Luiza nos conta que o avesso do bordado tem igual ou maior beleza que o pr\u00f3prio bordado feito nas pe\u00e7as. A artes\u00e3 leva em torno de quinze dias para realizar o bordado em uma camisa e \u00e9 reconhecida pela comunidade pela sua grande habilidade e dom\u00ednio da t\u00e9cnica.<\/p><p>[gallery columns=\"2\" size=\"medium\" link=\"file\" ids=\"1975,1963\"]<\/p><p>[gallery link=\"file\" size=\"medium\" ids=\"1964,1965,1966\"]<\/p>"},{"eael_adv_tabs_tab_title_icon_new":{"value":"","library":""},"eael_adv_tabs_tab_title_image":{"url":"https:\/\/materiotecaufma.com.br\/wp-content\/plugins\/elementor\/assets\/images\/placeholder.png"},"eael_adv_tabs_tab_title":"Produtos","eael_adv_tabs_tab_content":"Os desenhos, que servem como moldes, d\u00e3o origem \u00e0s pe\u00e7as de bordado em mi\u00e7angas e canutilhos, como cal\u00e7as, camisas, peitoris e couro do boi.\n\n[gallery columns=\"1\" link=\"file\" size=\"full\" ids=\"1968\"]\n[gallery size=\"large\" link=\"file\" columns=\"2\" ids=\"1970,1971\"]\n[gallery size=\"large\" columns=\"2\" link=\"file\" ids=\"1967,1974\"]","_id":"f3fc937"},{"eael_adv_tabs_tab_title_icon_new":{"value":"","library":""},"eael_adv_tabs_tab_title_image":{"url":"https:\/\/materiotecaufma.com.br\/wp-content\/plugins\/elementor\/assets\/images\/placeholder.png"},"eael_adv_tabs_tab_title":"Fontes","eael_adv_tabs_tab_content":"<a href=\"https:\/\/www.researchgate.net\/publication\/327867736_CIRANDAS_DE_SABERES_percursos_cartograficos_e_praticas_artesanais_em_Alcantara_e_na_Baixada_Maranhense\">Ciranda de Saberes: percursos cartogr\u00e1ficos e pr\u00e1ticas artesanais em Alc\u00e2ntara e na Baixada Maranhense. <\/a><h5><strong>Raquel Noronha; Andr\u00e9a Katiane Costa; Gisele Saraiva; M\u00e1rcio Guimar\u00e3es; Raiama Portela<\/strong><\/h5>","_id":"7489782"}],"eael_adv_tabs_tab_title_typography_typography":"custom","eael_adv_tabs_tab_title_typography_font_family":"Sarabum-Medium","eael_adv_tabs_tab_title_typography_font_size":{"unit":"px","size":16,"sizes":[]},"eael_adv_tabs_tab_title_typography_font_weight":"700","eael_adv_tabs_tab_color":"#FFFFFF","eael_adv_tabs_tab_text_color":"#54595F","eael_adv_tabs_tab_border_width":{"unit":"px","top":"1","right":"1","bottom":"1","left":"1","isLinked":true},"eael_adv_tabs_tab_color_hover":"rgba(248, 248, 248, 0)","eael_adv_tabs_tab_text_color_hover":"#AB4209","eael_adv_tabs_tab_color_active":"rgba(248, 248, 248, 0)","eael_adv_tabs_tab_text_color_active":"#AB4209","eael_adv_tabs_tab_border_active_border":"solid","eael_adv_tabs_tab_border_active_width":{"unit":"px","top":"1","right":"1","bottom":"1","left":"1","isLinked":true},"eael_adv_tabs_tab_border_active_color":"#C7C7C7","adv_tabs_content_text_color":"#333333","eael_adv_tabs_content_typography_typography":"custom","eael_adv_tabs_content_typography_font_family":"Sarabum-Medium","eael_adv_tabs_content_typography_font_size":{"unit":"px","size":16,"sizes":[]},"eael_adv_tabs_content_typography_font_weight":"500","eael_adv_tabs_content_border_border":"solid","eael_adv_tabs_content_border_width":{"unit":"px","top":"1","right":"1","bottom":"1","left":"1","isLinked":true},"eael_adv_tabs_content_border_color":"#C7C7C7","eael_adv_tabs_tab_caret_show":"","eael_adv_tabs_tab_caret_size":{"unit":"px","size":9,"sizes":[]}},"elements":[],"isInner":false,"widgetType":"eael-adv-tabs","elType":"widget"},{"id":"77d11e13","settings":{"space":{"unit":"px","size":15,"sizes":[]}},"elements":[],"isInner":false,"widgetType":"spacer","elType":"widget"}],"isInner":false,"elType":"column"},{"id":"18687097","settings":{"_column_size":33,"_inline_size":19.589},"elements":[],"isInner":false,"elType":"column"}],"isInner":false,"elType":"section"},{"id":"69572f5c","settings":{"layout":"full_width","structure":"20","margin":{"unit":"px","top":"-2","right":0,"bottom":"0","left":0,"isLinked":false}},"elements":[{"id":"5859d572","settings":{"_column_size":50,"_inline_size":19.551,"background_background":"classic","background_color":"#2E4721"},"elements":[{"id":"70282e2","settings":[],"elements":[],"isInner":false,"widgetType":"spacer","elType":"widget"}],"isInner":false,"elType":"column"},{"id":"75aaba59","settings":{"_column_size":50,"_inline_size":80.449,"background_background":"classic","background_image":{"url":"https:\/\/materiotecaufma.com.br\/wp-content\/uploads\/2019\/11\/Ativo-9-1.png","id":520},"background_position":"center center","background_size":"cover","margin":{"unit":"px","top":"0","right":"0","bottom":"0","left":"0","isLinked":true}},"elements":[{"id":"43fc3e10","settings":{"space":{"unit":"px","size":81,"sizes":[]},"_margin":{"unit":"px","top":"-4","right":"-4","bottom":"-4","left":"-4","isLinked":true}},"elements":[],"isInner":false,"widgetType":"spacer","elType":"widget"}],"isInner":false,"elType":"column"}],"isInner":false,"elType":"section"}],"page_settings":{"eael_ext_toc_title":"Table of Contents"},"version":"0.4","title":"Bordado_Cururupu","type":"page"}