{"content":[{"id":"17da4166","settings":{"layout":"full_width","structure":"20"},"elements":[{"id":"43d74db5","settings":{"_column_size":50,"_inline_size":19.645,"background_background":"classic","background_color":"#2E4721"},"elements":[{"id":"6d8db7df","settings":[],"elements":[],"isInner":false,"widgetType":"spacer","elType":"widget"}],"isInner":false,"elType":"column"},{"id":"3cbd8028","settings":{"_column_size":50,"_inline_size":80.355,"background_background":"classic","background_color":"#AB4209","background_image":{"url":"https:\/\/materiotecaufma.com.br\/wp-content\/uploads\/2019\/12\/Faixas-13-1.png","id":798},"background_size":"cover"},"elements":[{"id":"7e50e820","settings":{"space":{"unit":"px","size":107,"sizes":[]}},"elements":[],"isInner":false,"widgetType":"spacer","elType":"widget"}],"isInner":false,"elType":"column"}],"isInner":false,"elType":"section"},{"id":"5dd46a10","settings":{"layout":"full_width","structure":"30","margin":{"unit":"px","top":"-2","right":0,"bottom":"0","left":0,"isLinked":false}},"elements":[{"id":"16fd7168","settings":{"_column_size":33,"_inline_size":19.551,"background_background":"classic","background_color":"#2E4721","color_link":"#FFFFFF","color_link_hover":"#EDD500"},"elements":[{"id":"64bfa54c","settings":{"image":{"url":"http:\/\/localhost\/wordpress\/wp-content\/uploads\/2019\/11\/Ativo-5.png","id":510}},"elements":[],"isInner":false,"widgetType":"image","elType":"widget"},{"id":"245a1afd","settings":{"editor":"<p><a href=\"https:\/\/materiotecaufma.com.br\/inicio\">In\u00edcio<\/a><\/p><p><a href=\"https:\/\/materiotecaufma.com.br\/materiais\/\">Materiais<\/a><\/p><p><a href=\"https:\/\/materiotecaufma.com.br\/processos\/\">Processos<\/a><\/p><p><a href=\"https:\/\/materiotecaufma.com.br\/sobre\/\">Sobre<\/a><\/p><p><a href=\"https:\/\/materiotecaufma.com.br\/contato\/\">Contatos<\/a><\/p>","text_color":"#ffffff","typography_typography":"custom","typography_font_size":{"unit":"px","size":21,"sizes":[]},"align":"left","typography_font_family":"Sarabun-regular","_margin":{"unit":"px","top":"0","right":"0","bottom":"0","left":"60","isLinked":false},"typography_line_height":{"unit":"em","size":1.1,"sizes":[]},"text_columns":"1","column_gap":{"unit":"px","size":0,"sizes":[]}},"elements":[],"isInner":false,"widgetType":"text-editor","elType":"widget"}],"isInner":false,"elType":"column"},{"id":"6e2e0183","settings":{"_column_size":33,"_inline_size":60.016},"elements":[{"id":"77f4593b","settings":{"tabs":[{"tab_title":"Local","tab_content":"<p><img class=\"size-medium wp-image-1141 alignright\" src=\"https:\/\/materiotecaufma.com.br\/wp-content\/uploads\/2020\/05\/Cururupu-240x300.jpg\" alt=\"\" width=\"240\" height=\"300\" \/><\/p><ul><li style=\"font-weight: 400;\"><b>\u00a0<\/b><span style=\"font-weight: 400;\">Cururupu<\/span><\/li><\/ul><p>Cururupu \u00e9 um minic\u00edpio situado ao norte do estado do Maranh\u00e3o, h\u00e1 226km via ferryboat. L\u00e1 \u00e9 intensa a produ\u00e7\u00e3o artesanal relacionada ao Bumba meu Boi, e apresentamos aqui a produ\u00e7\u00e3o empreendida por Jogico, que produz bois para diversos grupos, esculpindo o buriti, palmeira nativa da regi\u00e3o.<\/p><p>\u00a0<\/p><p>[gallery link=\"file\" size=\"large\" columns=\"2\" ids=\"1918,1919\"]<\/p>","_id":"6b9fc85"},{"tab_title":"Artes\u00e3(o)s","tab_content":"<p><span style=\"font-weight: 400;\">O artes\u00e3o Jogico trabalha na cria\u00e7\u00e3o e produ\u00e7\u00e3o dos bois para a festa de S\u00e3o Jo\u00e3o. Trabalhando sob encomenda, produz a maior parte dos bois utilizados pelos grupos da regi\u00e3o. \u00c9 autodidata, aprendeu por conta pr\u00f3pria como fazer o boi, e conta-nos: \u201cN\u00f3s n\u00e3o tinha a chance de aprender. A\u00ed foi que eu comecei e vim fazendo, tentando fazer pequeno, a\u00ed de l\u00e1 eu fui aumentando o tamanho. Ent\u00e3o, gra\u00e7as a Deus, a gente aprendeu com a gente mesmo.\u201d Jogico trabalha na cria\u00e7\u00e3o do boi e seu filho produz os bordados que ir\u00e3o incrementar e abrilhantar o chamado couro do boi.<\/span><\/p><p>[gallery columns=\"2\" link=\"file\" size=\"large\" ids=\"1917,1934\"]<\/p><p><strong>Contato<\/strong><\/p><p>(98) 98466-3493 (Jadson - filho de Jogico)<\/p>","_id":"e06bafc"},{"tab_title":"Materiais e Processos","tab_content":"<span style=\"font-weight: 400;\">Para produ\u00e7\u00e3o do boi, utilizam-se alguns moldes de madeira, feitos pelo artes\u00e3o, que s\u00e3o postos em cima da madeira, que \u00e9 esculpida por form\u00f5es e serras, at\u00e9 se chegar nas dimens\u00f5es e formas desejadas. O boi \u00e9 feito da madeira do buriti, \u00e1rvore encontrada na regi\u00e3o, o chifre utilizado \u00e9 natural.\u00a0\n\u00a0\u00a0<\/span>\n\n&nbsp;\n\n[gallery link=\"file\" size=\"large\" columns=\"2\" ids=\"1926,1922\"]\n[gallery columns=\"2\" link=\"file\" size=\"large\" ids=\"1925,1924\"]\n[gallery columns=\"2\" link=\"file\" size=\"large\" ids=\"1927,1920\"]","_id":"c5dc05e"},{"tab_title":"Produtos","tab_content":"[gallery columns=\"2\" link=\"file\" size=\"large\" ids=\"1929,1938\"]\n[gallery columns=\"1\" link=\"file\" size=\"large\" ids=\"1930\"]","_id":"052886e"},{"tab_title":"Fontes","tab_content":"<a href=\"https:\/\/www.researchgate.net\/publication\/327867736_CIRANDAS_DE_SABERES_percursos_cartograficos_e_praticas_artesanais_em_Alcantara_e_na_Baixada_Maranhense\">Ciranda de Saberes: percursos cartogr\u00e1ficos e pr\u00e1ticas artesanais em Alc\u00e2ntara e na Baixada Maranhense.<\/a>\n<h5><strong>Raquel Noronha; Andr\u00e9a Katiane Costa; Gisele Saraiva; M\u00e1rcio Guimar\u00e3es; Raiama Portela<\/strong><\/h5>","_id":"50b0a0a"}],"tab_color":"#7a7a7a","tab_active_color":"#ab4209","tab_typography_typography":"custom","content_color":"rgba(0,0,0,0.86)","content_typography_typography":"custom","content_typography_font_family":"Sarabum-Medium","content_typography_font_size":{"unit":"px","size":16,"sizes":[]},"tab_typography_font_family":"Sarabum-Medium","tab_typography_font_size":{"unit":"px","size":16,"sizes":[]},"_margin":{"unit":"px","top":"-7","right":"0","bottom":"0","left":"-7","isLinked":false}},"elements":[],"isInner":false,"widgetType":"tabs","elType":"widget"},{"id":"546d458b","settings":{"thumbnail_size":"large","gallery_columns":"5"},"elements":[],"isInner":false,"widgetType":"image-gallery","elType":"widget"},{"id":"1b0bfc7c","settings":{"space":{"unit":"px","size":35,"sizes":[]}},"elements":[],"isInner":false,"widgetType":"spacer","elType":"widget"}],"isInner":false,"elType":"column"},{"id":"6371cd32","settings":{"_column_size":33,"_inline_size":19.683},"elements":[],"isInner":false,"elType":"column"}],"isInner":false,"elType":"section"},{"id":"444cca7b","settings":{"layout":"full_width","structure":"20","margin":{"unit":"px","top":"-2","right":0,"bottom":"0","left":0,"isLinked":false}},"elements":[{"id":"17158eb7","settings":{"_column_size":50,"_inline_size":19.551,"background_background":"classic","background_color":"#2E4721"},"elements":[{"id":"1ea899b7","settings":[],"elements":[],"isInner":false,"widgetType":"spacer","elType":"widget"}],"isInner":false,"elType":"column"},{"id":"4d55faed","settings":{"_column_size":50,"_inline_size":80.449,"background_background":"classic","background_image":{"url":"https:\/\/materiotecaufma.com.br\/wp-content\/uploads\/2019\/11\/Ativo-9-1.png","id":520},"background_position":"center center","background_size":"cover","margin":{"unit":"px","top":"0","right":"0","bottom":"0","left":"0","isLinked":true}},"elements":[{"id":"5421bc0c","settings":{"space":{"unit":"px","size":79,"sizes":[]},"_margin":{"unit":"px","top":"-4","right":"-4","bottom":"-4","left":"-4","isLinked":true}},"elements":[],"isInner":false,"widgetType":"spacer","elType":"widget"}],"isInner":false,"elType":"column"}],"isInner":false,"elType":"section"}],"page_settings":{"eael_ext_toc_title":"Table of Contents"},"version":"0.4","title":"Pagina_Bois","type":"page"}