{"content":[{"id":"1f385f56","settings":{"layout":"full_width","margin":{"unit":"px","top":"-10","right":0,"bottom":"0","left":0,"isLinked":false}},"elements":[{"id":"4d7697f8","settings":{"_column_size":100},"elements":[{"id":"5e335c89","settings":{"shortcode":"[smartslider3 slider=2]"},"elements":[],"isInner":false,"widgetType":"shortcode","elType":"widget"}],"isInner":false,"elType":"column"}],"isInner":false,"elType":"section"},{"id":"11e63286","settings":{"layout":"full_width","margin":{"unit":"px","top":"-10","right":0,"bottom":"-6","left":0,"isLinked":false}},"elements":[{"id":"540c78c6","settings":{"_column_size":100,"_inline_size":null,"background_background":"classic","background_color":"#2e4721"},"elements":[{"id":"2c4e290e","settings":{"image":{"url":"http:\/\/localhost\/wordpress\/wp-content\/uploads\/2019\/11\/Nida-01.png","id":267},"align":"left","width":{"unit":"%","size":12,"sizes":[]},"_margin":{"unit":"px","top":"-9","right":"-6","bottom":"-4","left":"180","isLinked":false}},"elements":[],"isInner":false,"widgetType":"image","elType":"widget"}],"isInner":false,"elType":"column"}],"isInner":false,"elType":"section"},{"id":"334210ab","settings":{"layout":"full_width"},"elements":[{"id":"314d547b","settings":{"_column_size":100,"background_background":"classic","background_color":"rgba(170,59,0,0.54)"},"elements":[{"id":"e84cdb8","settings":{"editor":"<p>@TODOS OS DIREITOS RESERVADOS<\/p>","align":"center","text_color":"#ab4209","typography_typography":"custom","typography_font_family":"Sarabun-Bold","typography_font_size":{"unit":"px","size":11,"sizes":[]},"_margin":{"unit":"px","top":"3","right":"-18","bottom":"11","left":"-44","isLinked":false}},"elements":[],"isInner":false,"widgetType":"text-editor","elType":"widget"}],"isInner":false,"elType":"column"}],"isInner":false,"elType":"section"}],"page_settings":[],"version":"0.4","title":"Pagina_Inicial","type":"page"}